Date,DIA,TLT
2015-01-02,177.94000244140625,127.31999969482422
2015-01-05,174.83999633789062,129.32000732421875
2015-01-06,173.38999938964844,131.64999389648438
2015-01-07,175.58999633789062,131.38999938964844
2015-01-08,178.75999450683594,129.64999389648438
2015-01-09,177.22000122070312,131.07000732421875
2015-01-12,176.24000549316406,131.82000732421875
2015-01-13,175.97999572753906,131.82000732421875
2015-01-14,174.05999755859375,132.82000732421875
2015-01-15,173.05999755859375,134.91000366210938
2015-01-16,174.6699981689453,133.19000244140625
2015-01-20,174.89999389648438,134.9600067138672
2015-01-21,175.35000610351562,133.39999389648438
2015-01-22,177.9199981689453,132.9199981689453
2015-01-23,176.41000366210938,134.77000427246094
2015-01-26,176.5,134.36000061035156
2015-01-27,173.58999633789062,134.57000732421875
2015-01-28,171.72000122070312,136.77000427246094
2015-01-29,173.89999389648438,135.8699951171875
2015-01-30,171.4499969482422,138.27999877929688
2015-02-02,173.27000427246094,137.47999572753906
2015-02-03,176.3300018310547,134.57000732421875
2015-02-04,176.52999877929688,134.8000030517578
2015-02-05,178.5500030517578,133.32000732421875
2015-02-06,178.08999633789062,130.9600067138672
2015-02-09,177.08999633789062,130.75
2015-02-10,178.50999450683594,129.7100067138672
2015-02-11,178.6999969482422,129.9499969482422
2015-02-12,179.83999633789062,129.52000427246094
2015-02-13,180.33999633789062,128.19000244140625
2015-02-17,180.57000732421875,126.26000213623047
2015-02-18,180.47000122070312,127.01000213623047
2015-02-19,180.08999633789062,126.16999816894531
2015-02-20,181.13999938964844,126.54000091552734
2015-02-23,180.9199981689453,127.98999786376953
2015-02-24,181.91000366210938,129.6699981689453
2015-02-25,181.9600067138672,130.22999572753906
2015-02-26,182.00999450683594,128.4499969482422
2015-02-27,181.19000244140625,129.52999877929688
2015-03-02,182.67999267578125,126.87000274658203
2015-03-03,181.8699951171875,126.41000366210938
2015-03-04,180.77999877929688,126.44999694824219
2015-03-05,181.1699981689453,126.29000091552734
2015-03-06,178.39999389648438,123.5
2015-03-09,179.8000030517578,124.63999938964844
2015-03-10,176.69000244140625,126.27999877929688
2015-03-11,176.35000610351562,127.19999694824219
2015-03-12,178.97000122070312,127.11000061035156
2015-03-13,177.55999755859375,126.72000122070312
2015-03-16,179.77999877929688,127.94000244140625
2015-03-17,178.5,129.0
2015-03-18,180.72999572753906,131.49000549316406
2015-03-19,179.66000366210938,130.82000732421875
2015-03-20,180.9600067138672,131.50999450683594
2015-03-23,180.85000610351562,131.35000610351562
2015-03-24,179.8300018310547,132.6199951171875
2015-03-25,176.9199981689453,131.5
2015-03-26,176.47999572753906,129.4499969482422
2015-03-27,176.80999755859375,131.05999755859375
2015-03-30,179.38999938964844,130.41000366210938
2015-03-31,177.5800018310547,130.69000244140625
2015-04-01,176.74000549316406,132.1300048828125
2015-04-02,177.3300018310547,130.72999572753906
2015-04-06,178.58999633789062,130.0
2015-04-07,178.4199981689453,131.08999633789062
2015-04-08,178.75,131.1300048828125
2015-04-09,179.39999389648438,129.42999267578125
2015-04-10,180.3699951171875,129.6199951171875
2015-04-13,179.63999938964844,129.8000030517578
2015-04-14,180.17999267578125,130.72000122070312
2015-04-15,180.8800048828125,130.61000061035156
2015-04-16,180.91000366210938,129.9600067138672
2015-04-17,177.94000244140625,131.4499969482422
2015-04-20,180.02999877929688,130.2899932861328
2015-04-21,179.25999450683594,129.6999969482422
2015-04-22,180.05999755859375,127.72000122070312
2015-04-23,180.3699951171875,128.27000427246094
2015-04-24,180.5399932861328,129.07000732421875
2015-04-27,180.1699981689453,129.07000732421875
2015-04-28,180.83999633789062,127.29000091552734
2015-04-29,180.07000732421875,125.7300033569336
2015-04-30,178.17999267578125,125.94999694824219
2015-05-01,179.89999389648438,124.0
2015-05-04,180.44000244140625,122.83000183105469
2015-05-05,179.00999450683594,122.66000366210938
2015-05-06,178.38999938964844,120.55999755859375
2015-05-07,179.27999877929688,122.18000030517578
2015-05-08,181.85000610351562,122.51000213623047
2015-05-11,181.0800018310547,119.52999877929688
2015-05-12,180.72000122070312,119.83999633789062
2015-05-13,180.75,118.87999725341797
2015-05-14,182.5399932861328,119.19999694824219
2015-05-15,182.47999572753906,121.58999633789062
2015-05-18,182.67999267578125,119.55000305175781
2015-05-19,182.92999267578125,118.48999786376953
2015-05-20,182.7100067138672,118.69000244140625
2015-05-21,182.7899932861328,120.3499984741211
2015-05-22,182.25999450683594,120.4000015258789
2015-05-26,180.3699951171875,122.45999908447266
2015-05-27,181.52000427246094,122.73999786376953
2015-05-28,181.2899932861328,122.44000244140625
2015-05-29,180.11000061035156,122.70999908447266
2015-06-01,180.39999389648438,121.12999725341797
2015-06-02,180.14999389648438,119.44000244140625
2015-06-03,180.8800048828125,117.5199966430664
2015-06-04,179.2100067138672,119.05000305175781
2015-06-05,178.5,117.5999984741211
2015-06-08,177.80999755859375,117.47000122070312
2015-06-09,177.7100067138672,116.54000091552734
2015-06-10,180.05999755859375,115.5199966430664
2015-06-11,180.63999938964844,117.94999694824219
2015-06-12,179.1300048828125,117.94999694824219
2015-06-15,178.10000610351562,118.13999938964844
2015-06-16,179.2100067138672,119.06999969482422
2015-06-17,179.47999572753906,118.1500015258789
2015-06-18,181.3300018310547,117.56999969482422
2015-06-19,179.75999450683594,119.08000183105469
2015-06-22,180.9199981689453,116.6500015258789
2015-06-23,181.1199951171875,115.94999694824219
2015-06-24,179.41000366210938,116.94999694824219
2015-06-25,178.64999389648438,116.54000091552734
2015-06-26,179.1300048828125,115.2300033569336
2015-06-29,175.63999938964844,118.27999877929688
2015-06-30,175.82000732421875,117.45999908447266
2015-07-01,177.39999389648438,115.62000274658203
2015-07-02,177.0500030517578,116.0
2015-07-06,176.67999267578125,118.1500015258789
2015-07-07,177.6300048828125,119.26000213623047
2015-07-08,175.0,120.29000091552734
2015-07-09,175.25999450683594,117.91999816894531
2015-07-10,177.41000366210938,116.05000305175781
2015-07-13,179.60000610351562,115.69000244140625
2015-07-14,180.3300018310547,116.06999969482422
2015-07-15,180.33999633789062,117.30000305175781
2015-07-16,181.07000732421875,118.11000061035156
2015-07-17,180.5399932861328,118.72000122070312
2015-07-20,180.69000244140625,118.22000122070312
2015-07-21,178.97000122070312,118.86000061035156
2015-07-22,178.3000030517578,119.5999984741211
2015-07-23,177.16000366210938,121.08999633789062
2015-07-24,175.52000427246094,121.38999938964844
2015-07-27,174.22999572753906,122.04000091552734
2015-07-28,176.11000061035156,121.1500015258789
2015-07-29,177.25999450683594,120.69999694824219
2015-07-30,177.22000122070312,121.62999725341797
2015-07-31,176.67999267578125,122.52999877929688
2015-08-03,175.75,123.55000305175781
2015-08-04,175.32000732421875,122.56999969482422
2015-08-05,175.36000061035156,121.6500015258789
2015-08-06,174.22000122070312,122.7300033569336
2015-08-07,173.83999633789062,124.33999633789062
2015-08-10,176.19000244140625,122.80000305175781
2015-08-11,174.11000061035156,124.75
2015-08-12,174.2100067138672,124.06999969482422
2015-08-13,174.30999755859375,123.66999816894531
2015-08-14,174.89999389648438,123.95999908447266
2015-08-17,175.6999969482422,124.5199966430664
2015-08-18,175.3300018310547,123.54000091552734
2015-08-19,173.74000549316406,124.76000213623047
2015-08-20,170.22000122070312,126.0199966430664
2015-08-21,164.41000366210938,126.4000015258789
2015-08-24,158.3800048828125,126.36000061035156
2015-08-25,156.49000549316406,124.33000183105469
2015-08-26,162.66000366210938,121.93000030517578
2015-08-27,166.4499969482422,122.0
2015-08-28,166.3300018310547,122.36000061035156
2015-08-31,165.17999267578125,121.41999816894531
2015-09-01,160.4600067138672,122.02999877929688
2015-09-02,163.4600067138672,120.9800033569336
2015-09-03,163.6699981689453,121.56999969482422
2015-09-04,160.97000122070312,122.68000030517578
2015-09-08,164.91000366210938,120.87000274658203
2015-09-09,162.52000427246094,121.44999694824219
2015-09-10,163.38999938964844,120.62999725341797
2015-09-11,164.38999938964844,121.38999938964844
2015-09-14,163.77000427246094,121.58000183105469
2015-09-15,166.11000061035156,119.25
2015-09-16,167.50999450683594,118.80000305175781
2015-09-17,166.80999755859375,120.25
2015-09-18,163.5399932861328,122.0999984741211
2015-09-21,164.89999389648438,120.11000061035156
2015-09-22,163.0,121.77999877929688
2015-09-23,162.58999633789062,121.7699966430664
2015-09-24,161.8699951171875,122.5999984741211
2015-09-25,162.8800048828125,121.54000091552734
2015-09-28,159.7899932861328,123.62000274658203
2015-09-29,160.22999572753906,123.97000122070312
2015-09-30,162.6199951171875,123.54000091552734
2015-10-01,162.49000549316406,123.80999755859375
2015-10-02,164.5800018310547,124.55999755859375
2015-10-05,167.5800018310547,122.87000274658203
2015-10-06,167.69000244140625,123.4000015258789
2015-10-07,168.9499969482422,122.98999786376953
2015-10-08,170.3699951171875,121.95999908447266
2015-10-09,170.75999450683594,122.27999877929688
2015-10-12,171.1699981689453,123.20999908447266
2015-10-13,170.63999938964844,123.41999816894531
2015-10-14,169.07000732421875,124.5
2015-10-15,171.32000732421875,123.88999938964844
2015-10-16,171.8800048828125,123.93000030517578
2015-10-19,172.1199951171875,123.58999633789062
2015-10-20,172.00999450683594,122.83000183105469
2015-10-21,171.47999572753906,124.05000305175781
2015-10-22,174.8000030517578,124.26000213623047
2015-10-23,176.3699951171875,123.19999694824219
2015-10-26,176.02000427246094,124.0199966430664
2015-10-27,175.6699981689453,124.33000183105469
2015-10-28,177.67999267578125,123.83000183105469
2015-10-29,177.3800048828125,121.86000061035156
2015-10-30,176.49000549316406,122.77999877929688
2015-11-02,178.1199951171875,121.94999694824219
2015-11-03,179.07000732421875,120.94999694824219
2015-11-04,178.64999389648438,121.08999633789062
2015-11-05,178.63999938964844,120.7699966430664
2015-11-06,179.13999938964844,119.0
2015-11-09,177.4199981689453,118.33000183105469
2015-11-10,177.77999877929688,118.68000030517578
2015-11-11,177.2100067138672,118.43000030517578
2015-11-12,174.6699981689453,119.0
2015-11-13,172.61000061035156,119.68000030517578
2015-11-16,175.02000427246094,119.56999969482422
2015-11-17,175.16000366210938,119.7699966430664
2015-11-18,177.72999572753906,120.0199966430664
2015-11-19,177.66000366210938,120.81999969482422
2015-11-20,178.05999755859375,120.44999694824219
2015-11-23,177.74000549316406,120.81999969482422
2015-11-24,177.97999572753906,120.80999755859375
2015-11-25,177.92999267578125,121.08999633789062
2015-11-27,177.89999389648438,120.97000122070312
2015-11-30,177.22999572753906,121.44999694824219
2015-12-01,178.80999755859375,122.83000183105469
2015-12-02,177.2899932861328,122.87000274658203
2015-12-03,174.8300018310547,119.52999877929688
2015-12-04,178.4199981689453,120.58000183105469
2015-12-07,177.33999633789062,121.75
2015-12-08,175.77000427246094,121.80999755859375
2015-12-09,174.99000549316406,121.68000030517578
2015-12-10,175.8800048828125,121.83999633789062
2015-12-11,172.72999572753906,123.76000213623047
2015-12-14,173.89999389648438,122.16000366210938
2015-12-15,175.4600067138672,121.44000244140625
2015-12-16,177.63999938964844,121.18000030517578
2015-12-17,175.10000610351562,122.55000305175781
2015-12-18,171.0,123.2300033569336
2015-12-21,172.25,123.19999694824219
2015-12-22,174.00999450683594,122.30999755859375
2015-12-23,175.80999755859375,121.38999938964844
2015-12-24,175.22000122070312,121.83000183105469
2015-12-28,174.97999572753906,122.19000244140625
2015-12-29,176.97999572753906,120.16000366210938
2015-12-30,175.8000030517578,120.04000091552734
2015-12-31,173.99000549316406,120.58000183105469
2016-01-04,171.2899932861328,121.44999694824219
2016-01-05,171.38999938964844,120.95999908447266
2016-01-06,168.94000244140625,122.58999633789062
2016-01-07,164.9600067138672,122.80999755859375
2016-01-08,163.24000549316406,123.36000061035156
2016-01-11,163.8300018310547,122.01000213623047
2016-01-12,164.9499969482422,123.7699966430664
2016-01-13,161.35000610351562,124.98999786376953
2016-01-14,163.58999633789062,123.81999969482422
2016-01-15,159.67999267578125,125.75
2016-01-19,160.02000427246094,125.36000061035156
2016-01-20,157.61000061035156,126.68000030517578
2016-01-21,158.60000610351562,125.81999969482422
2016-01-22,160.7899932861328,125.33999633789062
2016-01-25,158.6999969482422,126.0199966430664
2016-01-26,161.5399932861328,126.08000183105469
2016-01-27,159.3000030517578,126.05000305175781
2016-01-28,160.50999450683594,126.2300033569336
2016-01-29,164.3699951171875,127.30000305175781
2016-02-01,164.33999633789062,126.66999816894531
2016-02-02,161.41000366210938,129.02000427246094
2016-02-03,163.1999969482422,127.94999694824219
2016-02-04,164.13999938964844,128.57000732421875
2016-02-05,161.94000244140625,128.72000122070312
2016-02-08,160.35000610351562,131.49000549316406
2016-02-09,160.24000549316406,131.6300048828125
2016-02-10,159.38999938964844,132.7899932861328
2016-02-11,156.8000030517578,133.72000122070312
2016-02-12,159.97999572753906,131.5
2016-02-16,162.1999969482422,130.11000061035156
2016-02-17,164.92999267578125,129.30999755859375
2016-02-18,164.52000427246094,130.89999389648438
2016-02-19,163.6999969482422,131.00999450683594
2016-02-22,165.94000244140625,130.94000244140625
2016-02-23,164.14999389648438,131.47000122070312
2016-02-24,164.6699981689453,131.2100067138672
2016-02-25,166.83999633789062,131.67999267578125
2016-02-26,166.27999877929688,130.41000366210938
2016-02-29,164.9600067138672,130.97999572753906
2016-03-01,168.52000427246094,128.42999267578125
2016-03-02,168.88999938964844,128.9600067138672
2016-03-03,169.35000610351562,129.42999267578125
2016-03-04,170.02000427246094,128.60000610351562
2016-03-07,170.6199951171875,128.55999755859375
2016-03-08,169.6199951171875,129.97999572753906
2016-03-09,170.02000427246094,129.19000244140625
2016-03-10,170.05999755859375,128.66000366210938
2016-03-11,172.22999572753906,127.36000061035156
2016-03-14,172.41000366210938,127.76000213623047
2016-03-15,172.63999938964844,127.87999725341797
2016-03-16,173.47000122070312,128.25999450683594
2016-03-17,174.94000244140625,128.7899932861328
2016-03-18,175.69000244140625,129.05999755859375
2016-03-21,176.00999450683594,128.07000732421875
2016-03-22,175.6999969482422,128.0399932861328
2016-03-23,174.80999755859375,129.49000549316406
2016-03-24,174.94000244140625,129.5399932861328
2016-03-28,175.1199951171875,129.7100067138672
2016-03-29,176.07000732421875,131.07000732421875
2016-03-30,176.88999938964844,129.69000244140625
2016-03-31,176.63999938964844,130.61000061035156
2016-04-01,177.72000122070312,130.67999267578125
2016-04-04,177.1199951171875,130.75999450683594
2016-04-05,175.82000732421875,132.19000244140625
2016-04-06,177.0399932861328,131.22999572753906
2016-04-07,175.2899932861328,132.85000610351562
2016-04-08,175.66000366210938,132.00999450683594
2016-04-11,175.44000244140625,131.83999633789062
2016-04-12,177.08999633789062,130.92999267578125
2016-04-13,178.9199981689453,131.38999938964844
2016-04-14,179.11000061035156,130.75999450683594
2016-04-15,178.67999267578125,131.8800048828125
2016-04-18,179.77999877929688,131.30999755859375
2016-04-19,180.32000732421875,130.89999389648438
2016-04-20,180.75,129.4600067138672
2016-04-21,179.6999969482422,128.69000244140625
2016-04-22,179.89999389648438,128.36000061035156
2016-04-25,179.5399932861328,127.83000183105469
2016-04-26,179.63999938964844,127.25
2016-04-27,180.25,128.52000427246094
2016-04-28,178.1999969482422,129.0500030517578
2016-04-29,177.58999633789062,129.3800048828125
2016-05-02,178.6999969482422,127.81999969482422
2016-05-03,177.3000030517578,129.42999267578125
2016-05-04,176.32000732421875,130.13999938964844
2016-05-05,176.44000244140625,131.00999450683594
2016-05-06,177.33999633789062,130.4499969482422
2016-05-09,176.97999572753906,130.86000061035156
2016-05-10,179.1999969482422,130.8699951171875
2016-05-11,177.3000030517578,131.61000061035156
2016-05-12,177.4199981689453,131.00999450683594
2016-05-13,175.47999572753906,132.27999877929688
2016-05-16,177.25999450683594,131.13999938964844
2016-05-17,175.55999755859375,131.36000061035156
2016-05-18,175.6300048828125,129.49000549316406
2016-05-19,174.67999267578125,130.0500030517578
2016-05-20,174.75999450683594,130.14999389648438
2016-05-23,174.77999877929688,130.44000244140625
2016-05-24,176.86000061035156,129.86000061035156
2016-05-25,178.27999877929688,129.3699951171875
2016-05-26,178.0800018310547,130.0399932861328
2016-05-27,178.5,129.85000610351562
2016-05-31,177.64999389648438,130.16000366210938
2016-06-01,177.72999572753906,130.4199981689453
2016-06-02,178.27999877929688,131.36000061035156
2016-06-03,178.05999755859375,133.22999572753906
2016-06-06,179.17999267578125,132.24000549316406
2016-06-07,179.3800048828125,132.55999755859375
2016-06-08,180.05999755859375,133.27000427246094
2016-06-09,179.8800048828125,134.1300048828125
2016-06-10,178.7100067138672,134.77999877929688
2016-06-13,177.36000061035156,135.3800048828125
2016-06-14,176.80999755859375,135.27999877929688
2016-06-15,176.57000732421875,135.8000030517578
2016-06-16,177.4600067138672,136.4600067138672
2016-06-17,176.52000427246094,135.61000061035156
2016-06-20,177.8000030517578,134.16000366210938
2016-06-21,178.05999755859375,133.5399932861328
2016-06-22,177.57000732421875,133.75999450683594
2016-06-23,179.80999755859375,132.22999572753906
2016-06-24,173.6199951171875,135.77999877929688
2016-06-27,171.1999969482422,139.1699981689453
2016-06-28,173.82000732421875,139.4600067138672
2016-06-29,176.63999938964844,138.38999938964844
2016-06-30,179.0,138.89999389648438
2016-07-01,179.30999755859375,140.57000732421875
2016-07-05,178.2100067138672,142.3300018310547
2016-07-06,178.97999572753906,142.55999755859375
2016-07-07,178.7899932861328,142.5500030517578
2016-07-08,181.3000030517578,143.60000610351562
2016-07-11,182.1199951171875,142.33999633789062
2016-07-12,183.38999938964844,140.0
2016-07-13,183.60000610351562,141.64999389648438
2016-07-14,184.9600067138672,139.58999633789062
2016-07-15,184.8800048828125,138.38999938964844
2016-07-18,185.0800018310547,138.25999450683594
2016-07-19,185.4199981689453,139.0399932861328
2016-07-20,185.77999877929688,138.27999877929688
2016-07-21,184.97999572753906,138.55999755859375
2016-07-22,185.50999450683594,138.8000030517578
2016-07-25,184.80999755859375,138.6999969482422
2016-07-26,184.60000610351562,138.9199981689453
2016-07-27,184.5800018310547,140.64999389648438
2016-07-28,184.3800048828125,140.38999938964844
2016-07-29,184.1300048828125,141.55999755859375
2016-08-01,183.8699951171875,139.77000427246094
2016-08-02,182.97000122070312,138.3300018310547
2016-08-03,183.36000061035156,138.41000366210938
2016-08-04,183.4499969482422,139.4499969482422
2016-08-05,185.25999450683594,138.0
2016-08-08,185.27999877929688,138.25999450683594
2016-08-09,185.35000610351562,139.6199951171875
2016-08-10,185.1199951171875,140.16000366210938
2016-08-11,186.3000030517578,138.91000366210938
2016-08-12,185.89999389648438,140.0800018310547
2016-08-15,186.52000427246094,138.75999450683594
2016-08-16,185.75999450683594,138.38999938964844
2016-08-17,186.10000610351562,139.22000122070312
2016-08-18,186.33999633789062,139.44000244140625
2016-08-19,185.32000732421875,138.7100067138672
2016-08-22,185.1199951171875,139.8800048828125
2016-08-23,185.3000030517578,140.02999877929688
2016-08-24,184.66000366210938,139.6999969482422
2016-08-25,184.3699951171875,139.1699981689453
2016-08-26,183.82000732421875,138.36000061035156
2016-08-29,184.8300018310547,140.2100067138672
2016-08-30,184.50999450683594,139.6699981689453
2016-08-31,183.94000244140625,139.8699951171875
2016-09-01,184.10000610351562,139.77000427246094
2016-09-02,184.86000061035156,138.6300048828125
2016-09-06,185.32000732421875,139.63999938964844
2016-09-07,185.32000732421875,139.5399932861328
2016-09-08,184.82000732421875,137.7899932861328
2016-09-09,180.91000366210938,135.52000427246094
2016-09-12,183.3000030517578,135.58999633789062
2016-09-13,180.8000030517578,134.0500030517578
2016-09-14,180.42999267578125,134.25
2016-09-15,182.25999450683594,133.6699981689453
2016-09-16,180.97000122070312,134.75
2016-09-19,180.97999572753906,134.30999755859375
2016-09-20,181.0500030517578,134.77999877929688
2016-09-21,182.66000366210938,135.8699951171875
2016-09-22,183.66000366210938,136.9499969482422
2016-09-23,182.4199981689453,136.82000732421875
2016-09-26,180.75,137.69000244140625
2016-09-27,182.0,138.6999969482422
2016-09-28,183.10000610351562,138.39999389648438
2016-09-29,181.22000122070312,138.75
2016-09-30,182.77999877929688,137.50999450683594
2016-10-03,182.32000732421875,136.80999755859375
2016-10-04,181.47999572753906,135.2100067138672
2016-10-05,182.66000366210938,134.5800018310547
2016-10-06,182.52000427246094,133.8300018310547
2016-10-07,182.22000122070312,133.9199981689453
2016-10-10,183.1199951171875,133.1300048828125
2016-10-11,181.1999969482422,132.8300018310547
2016-10-12,181.3699951171875,132.9600067138672
2016-10-13,180.83999633789062,133.4600067138672
2016-10-14,181.2899932861328,131.58999633789062
2016-10-17,180.72000122070312,132.42999267578125
2016-10-18,181.3699951171875,132.86000061035156
2016-10-19,182.0,132.97000122070312
2016-10-20,181.5399932861328,133.11000061035156
2016-10-21,181.22000122070312,133.30999755859375
2016-10-24,181.9600067138672,132.72999572753906
2016-10-25,181.47999572753906,133.0800018310547
2016-10-26,181.77000427246094,132.17999267578125
2016-10-27,181.52999877929688,130.74000549316406
2016-10-28,181.36000061035156,130.4499969482422
2016-10-31,181.1699981689453,131.25
2016-11-01,180.1199951171875,131.00999450683594
2016-11-02,179.35000610351562,131.5800018310547
2016-11-03,179.11000061035156,130.57000732421875
2016-11-04,178.7100067138672,131.74000549316406
2016-11-07,182.36000061035156,130.6199951171875
2016-11-08,183.3800048828125,130.08999633789062
2016-11-09,185.9600067138672,124.56999969482422
2016-11-10,188.1300048828125,122.7300033569336
2016-11-11,188.47000122070312,122.04000091552734
2016-11-14,188.77000427246094,121.30999755859375
2016-11-15,189.33999633789062,121.91000366210938
2016-11-16,188.97999572753906,123.01000213623047
2016-11-17,189.3000030517578,121.19999694824219
2016-11-18,188.4600067138672,120.8499984741211
2016-11-21,189.33999633789062,121.1500015258789
2016-11-22,190.02000427246094,121.11000061035156
2016-11-23,190.58999633789062,120.63999938964844
2016-11-25,191.3000030517578,120.81999969482422
2016-11-28,190.77999877929688,121.70999908447266
2016-11-29,191.19000244140625,122.22000122070312
2016-11-30,191.39999389648438,120.23999786376953
2016-12-01,191.89999389648438,118.7300033569336
2016-12-02,191.74000549316406,119.5999984741211
2016-12-05,192.22000122070312,119.47000122070312
2016-12-06,192.49000549316406,119.37999725341797
2016-12-07,195.47999572753906,120.4000015258789
2016-12-08,196.27999877929688,118.9800033569336
2016-12-09,197.69000244140625,117.5
2016-12-12,198.0800018310547,117.72000122070312
2016-12-13,199.22999572753906,118.13999938964844
2016-12-14,198.13999938964844,116.81999969482422
2016-12-15,198.66000366210938,117.41000366210938
2016-12-16,198.19000244140625,117.13999938964844
2016-12-19,198.60000610351562,118.4000015258789
2016-12-20,199.4199981689453,117.80999755859375
2016-12-21,199.16000366210938,118.33000183105469
2016-12-22,198.97000122070312,117.80999755859375
2016-12-23,199.0500030517578,118.05000305175781
2016-12-27,199.2100067138672,117.66999816894531
2016-12-28,198.0800018310547,118.52999877929688
2016-12-29,197.99000549316406,118.94999694824219
2016-12-30,197.50999450683594,119.12999725341797
2017-01-03,198.4199981689453,119.63999938964844
2017-01-04,199.14999389648438,120.0999984741211
2017-01-05,198.75,121.9800033569336
2017-01-06,199.50999450683594,120.86000061035156
2017-01-09,198.75999450683594,121.83000183105469
2017-01-10,198.39999389648438,121.75
2017-01-11,199.3300018310547,122.16000366210938
2017-01-12,198.75,121.88999938964844
2017-01-13,198.6999969482422,121.30999755859375
2017-01-17,198.08999633789062,122.58000183105469
2017-01-18,197.9499969482422,121.01000213623047
2017-01-19,197.27999877929688,120.18000030517578
2017-01-20,197.9600067138672,119.94000244140625
2017-01-23,197.77999877929688,121.13999938964844
2017-01-24,198.83999633789062,120.30999755859375
2017-01-25,200.4199981689453,118.80000305175781
2017-01-26,200.72000122070312,119.19999694824219
2017-01-27,200.6300048828125,119.62999725341797
2017-01-30,199.3800048828125,119.2699966430664
2017-01-31,198.36000061035156,120.0999984741211
2017-02-01,198.6300048828125,119.0999984741211
2017-02-02,198.61000061035156,119.05000305175781
2017-02-03,200.3800048828125,119.0
2017-02-06,200.27999877929688,119.72000122070312
2017-02-07,200.5800018310547,120.5999984741211
2017-02-08,200.50999450683594,122.23999786376953
2017-02-09,201.72000122070312,120.83000183105469
2017-02-10,202.74000549316406,120.76000213623047
2017-02-13,204.1999969482422,120.37999725341797
2017-02-14,205.1699981689453,119.51000213623047
2017-02-15,206.3800048828125,118.95999908447266
2017-02-16,206.47999572753906,119.61000061035156
2017-02-17,205.8800048828125,120.31999969482422
2017-02-21,207.07000732421875,120.11000061035156
2017-02-22,207.4499969482422,120.30999755859375
2017-02-23,207.82000732421875,120.66999816894531
2017-02-24,207.92999267578125,122.01000213623047
2017-02-27,208.2899932861328,121.29000091552734
2017-02-28,207.97999572753906,121.73999786376953
2017-03-01,211.02000427246094,119.47000122070312
2017-03-02,209.88999938964844,119.04000091552734
2017-03-03,209.91000366210938,119.3499984741211
2017-03-06,209.47999572753906,118.77999877929688
2017-03-07,209.1699981689453,118.41999816894531
2017-03-08,208.61000061035156,117.77999877929688
2017-03-09,208.6699981689453,116.83999633789062
2017-03-10,209.14999389648438,117.25
2017-03-13,208.94000244140625,116.51000213623047
2017-03-14,208.5399932861328,117.06999969482422
2017-03-15,209.5800018310547,118.5
2017-03-16,209.44000244140625,117.9000015258789
2017-03-17,208.86000061035156,118.63999938964844
2017-03-20,208.80999755859375,119.1500015258789
2017-03-21,206.35000610351562,120.13999938964844
2017-03-22,206.41000366210938,120.62000274658203
2017-03-23,206.30999755859375,120.44999694824219
2017-03-24,205.75,120.87999725341797
2017-03-27,205.22999572753906,121.43000030517578
2017-03-28,206.75,120.62000274658203
2017-03-29,206.30999755859375,121.33999633789062
2017-03-30,206.9600067138672,120.36000061035156
2017-03-31,206.33999633789062,120.70999908447266
2017-04-03,206.25,121.66999816894531
2017-04-04,206.64999389648438,121.01000213623047
2017-04-05,206.25999450683594,121.37999725341797
2017-04-06,206.4499969482422,121.19999694824219
2017-04-07,206.3800048828125,120.70999908447266
2017-04-10,206.38999938964844,121.2699966430664
2017-04-11,206.3300018310547,122.41999816894531
2017-04-12,205.6699981689453,123.08999633789062
2017-04-13,204.3699951171875,123.47000122070312
2017-04-17,206.1699981689453,123.08999633789062
2017-04-18,205.0800018310547,124.69999694824219
2017-04-19,203.85000610351562,124.0199966430664
2017-04-20,205.6999969482422,123.54000091552734
2017-04-21,205.25,123.54000091552734
2017-04-24,207.3800048828125,122.93000030517578
2017-04-25,209.67999267578125,121.44999694824219
2017-04-26,209.47000122070312,122.12000274658203
2017-04-27,209.55999755859375,122.08000183105469
2017-04-28,209.0800018310547,122.3499984741211
2017-05-01,208.9199981689453,121.08000183105469
2017-05-02,209.1300048828125,121.69999694824219
2017-05-03,209.22000122070312,121.77999877929688
2017-05-04,209.19000244140625,121.18000030517578
2017-05-05,209.77000427246094,121.29000091552734
2017-05-08,209.9199981689453,120.62999725341797
2017-05-09,209.6199951171875,120.62000274658203
2017-05-10,209.47999572753906,120.4800033569336
2017-05-11,209.27999877929688,120.4800033569336
2017-05-12,209.00999450683594,121.38999938964844
2017-05-15,209.92999267578125,121.05999755859375
2017-05-16,209.9499969482422,121.51000213623047
2017-05-17,206.47000122070312,123.27999877929688
2017-05-18,206.9600067138672,123.41999816894531
2017-05-19,207.77000427246094,123.70999908447266
2017-05-22,208.64999389648438,123.37000274658203
2017-05-23,209.1199951171875,122.54000091552734
2017-05-24,209.82000732421875,123.2300033569336
2017-05-25,210.5800018310547,123.2699966430664
2017-05-26,210.5399932861328,123.4800033569336
2017-05-30,210.2100067138672,124.08999633789062
2017-05-31,210.0,124.4000015258789
2017-06-01,211.39999389648438,124.1500015258789
2017-06-02,211.91000366210938,125.62000274658203
2017-06-05,211.86000061035156,124.83999633789062
2017-06-06,211.3699951171875,125.5199966430664
2017-06-07,211.72000122070312,124.91999816894531
2017-06-08,211.86000061035156,124.58999633789062
2017-06-09,212.6699981689453,124.4000015258789
2017-06-12,212.39999389648438,124.36000061035156
2017-06-13,213.3699951171875,124.37999725341797
2017-06-14,213.83999633789062,126.30000305175781
2017-06-15,213.69000244140625,126.0999984741211
2017-06-16,213.55999755859375,126.3499984741211
2017-06-19,214.9199981689453,126.16999816894531
2017-06-20,214.39999389648438,127.30000305175781
2017-06-21,213.88999938964844,127.55999755859375
2017-06-22,213.72999572753906,127.83999633789062
2017-06-23,213.74000549316406,127.77999877929688
2017-06-26,213.8699951171875,128.25999450683594
2017-06-27,212.92999267578125,126.88999938964844
2017-06-28,214.24000549316406,126.47000122070312
2017-06-29,212.61000061035156,125.41000366210938
2017-06-30,213.24000549316406,125.12000274658203
2017-07-03,214.49000549316406,124.45999908447266
2017-07-05,214.5800018310547,124.48999786376953
2017-07-06,213.13999938964844,123.45999908447266
2017-07-07,214.0500030517578,122.72000122070312
2017-07-10,213.99000549316406,122.9000015258789
2017-07-11,213.97999572753906,123.11000061035156
2017-07-12,215.22999572753906,123.95999908447266
2017-07-13,215.4600067138672,123.18000030517578
2017-07-14,216.25999450683594,123.33000183105469
2017-07-17,216.22000122070312,123.66999816894531
2017-07-18,215.6999969482422,124.75
2017-07-19,216.32000732421875,124.80000305175781
2017-07-20,216.19000244140625,125.16000366210938
2017-07-21,215.52999877929688,125.69000244140625
2017-07-24,215.08999633789062,125.19999694824219
2017-07-25,215.86000061035156,123.56999969482422
2017-07-26,216.80999755859375,123.7699966430664
2017-07-27,217.72000122070312,123.16000366210938
2017-07-28,218.02000427246094,123.88999938964844
2017-07-31,218.6999969482422,124.04000091552734
2017-08-01,219.3699951171875,124.63999938964844
2017-08-02,219.88999938964844,124.70999908447266
2017-08-03,220.05999755859375,126.0
2017-08-04,220.57000732421875,124.93000030517578
2017-08-07,220.85000610351562,125.06999969482422
2017-08-08,220.69000244140625,124.62000274658203
2017-08-09,220.5,125.30000305175781
2017-08-10,218.60000610351562,126.37000274658203
2017-08-11,218.6999969482422,126.43000030517578
2017-08-14,219.97000122070312,125.77999877929688
2017-08-15,220.16000366210938,125.25
2017-08-16,220.47000122070312,125.70999908447266
2017-08-17,217.80999755859375,126.6500015258789
2017-08-18,216.52999877929688,126.62000274658203
2017-08-21,216.74000549316406,126.93000030517578
2017-08-22,218.69000244140625,126.44000244140625
2017-08-23,217.9199981689453,127.30000305175781
2017-08-24,217.66000366210938,126.83000183105469
2017-08-25,218.0399932861328,127.31999969482422
2017-08-28,217.94000244140625,127.23999786376953
2017-08-29,218.58999633789062,127.6500015258789
2017-08-30,218.92999267578125,127.61000061035156
2017-08-31,219.52000427246094,127.98999786376953
2017-09-01,219.9199981689453,126.75
2017-09-05,217.6699981689453,128.75999450683594
2017-09-06,218.25,127.97000122070312
2017-09-07,218.11000061035156,129.27999877929688
2017-09-08,218.24000549316406,129.0
2017-09-11,220.75999450683594,127.45999908447266
2017-09-12,221.4199981689453,126.79000091552734
2017-09-13,221.75999450683594,126.29000091552734
2017-09-14,222.32000732421875,126.80999755859375
2017-09-15,222.4499969482422,126.86000061035156
2017-09-18,223.16000366210938,126.12999725341797
2017-09-19,223.5800018310547,125.81999969482422
2017-09-20,223.89999389648438,125.91000366210938
2017-09-21,223.47000122070312,125.83999633789062
2017-09-22,223.1999969482422,126.19999694824219
2017-09-25,222.82000732421875,126.98999786376953
2017-09-26,222.69000244140625,126.76000213623047
2017-09-27,223.1199951171875,124.8499984741211
2017-09-28,223.60000610351562,124.4800033569336
2017-09-29,223.82000732421875,124.76000213623047
2017-10-02,225.24000549316406,124.27999877929688
2017-10-03,226.24000549316406,124.4000015258789
2017-10-04,226.41000366210938,124.41000366210938
2017-10-05,227.63999938964844,123.94000244140625
2017-10-06,227.5500030517578,123.58999633789062
2017-10-09,227.52999877929688,123.9800033569336
2017-10-10,228.25999450683594,124.18000030517578
2017-10-11,228.61000061035156,124.41999816894531
2017-10-12,228.3300018310547,124.94999694824219
2017-10-13,228.72999572753906,125.8499984741211
2017-10-16,229.4499969482422,125.76000213623047
2017-10-17,229.85000610351562,125.91999816894531
2017-10-18,231.4600067138672,125.08999633789062
2017-10-19,231.64999389648438,125.30999755859375
2017-10-20,233.1300048828125,123.9800033569336
2017-10-23,232.64999389648438,124.19999694824219
2017-10-24,234.2899932861328,123.43000030517578
2017-10-25,233.16000366210938,122.83999633789062
2017-10-26,233.85000610351562,122.43000030517578
2017-10-27,234.1699981689453,123.23999786376953
2017-10-30,233.3300018310547,124.41999816894531
2017-10-31,233.6300048828125,124.45999908447266
2017-11-01,234.19000244140625,124.75
2017-11-02,234.9600067138672,125.30000305175781
2017-11-03,235.17999267578125,125.63999938964844
2017-11-06,235.41000366210938,126.11000061035156
2017-11-07,235.4199981689453,126.63999938964844
2017-11-08,235.4600067138672,126.36000061035156
2017-11-09,234.72000122070312,126.0
2017-11-10,234.42999267578125,124.0999984741211
2017-11-13,234.66000366210938,124.36000061035156
2017-11-14,234.27999877929688,125.19999694824219
2017-11-15,232.9600067138672,126.55999755859375
2017-11-16,234.91000366210938,125.45999908447266
2017-11-17,233.38999938964844,126.38999938964844
2017-11-20,234.14999389648438,126.33999633789062
2017-11-21,235.72999572753906,126.73999786376953
2017-11-22,235.1699981689453,127.1500015258789
2017-11-24,235.47000122070312,126.80000305175781
2017-11-27,235.72999572753906,126.62000274658203
2017-11-28,238.33999633789062,126.79000091552734
2017-11-29,239.4199981689453,125.54000091552734
2017-11-30,242.83999633789062,125.12000274658203
2017-12-01,242.4499969482422,126.55000305175781
2017-12-04,243.11000061035156,126.61000061035156
2017-12-05,242.00999450683594,127.23999786376953
2017-12-06,241.6199951171875,127.68000030517578
2017-12-07,242.36000061035156,126.68000030517578
2017-12-08,243.6199951171875,126.69000244140625
2017-12-11,244.1699981689453,126.43000030517578
2017-12-12,245.44000244140625,126.37999725341797
2017-12-13,246.3000030517578,127.33000183105469
2017-12-14,245.57000732421875,127.87000274658203
2017-12-15,246.25,128.35000610351562
2017-12-18,247.7899932861328,127.18000030517578
2017-12-19,247.39999389648438,125.52999877929688
2017-12-20,247.07000732421875,124.13999938964844
2017-12-21,247.66000366210938,124.5999984741211
2017-12-22,247.39999389648438,124.7699966430664
2017-12-26,247.25,125.13999938964844
2017-12-27,247.47999572753906,126.7699966430664
2017-12-28,248.1300048828125,126.66000366210938
2017-12-29,247.3800048828125,126.86000061035156
2018-01-02,248.02000427246094,125.48999786376953
2018-01-03,248.9499969482422,126.08999633789062
2018-01-04,250.60000610351562,126.06999969482422
2018-01-05,252.72000122070312,125.70999908447266
2018-01-08,252.58999633789062,125.62999725341797
2018-01-09,253.82000732421875,123.94999694824219
2018-01-10,253.6199951171875,123.80000305175781
2018-01-11,255.61000061035156,124.30999755859375
2018-01-12,257.9100036621094,124.5199966430664
2018-01-16,257.80999755859375,125.04000091552734
2018-01-17,261.0799865722656,124.87000274658203
2018-01-18,260.1600036621094,123.70999908447266
2018-01-19,260.5400085449219,123.05999755859375
2018-01-22,261.9800109863281,123.18000030517578
2018-01-23,261.8699951171875,123.70999908447266
2018-01-24,262.57000732421875,123.04000091552734
2018-01-25,263.75,124.05000305175781
2018-01-26,265.9100036621094,123.58999633789062
2018-01-29,264.1600036621094,122.7300033569336
2018-01-30,260.6199951171875,122.01000213623047
2018-01-31,261.44000244140625,122.7300033569336
2018-02-01,261.6199951171875,120.69999694824219
2018-02-02,254.92999267578125,119.58000183105469
2018-02-05,243.27000427246094,120.70999908447266
2018-02-06,248.9600067138672,119.95999908447266
2018-02-07,248.75999450683594,118.81999969482422
2018-02-08,238.6699981689453,118.69000244140625
2018-02-09,242.02999877929688,117.94000244140625
2018-02-12,246.1699981689453,118.45999908447266
2018-02-13,246.57000732421875,118.98999786376953
2018-02-14,249.3000030517578,117.66999816894531
2018-02-15,252.5,118.06999969482422
2018-02-16,251.9600067138672,118.70999908447266
2018-02-20,249.35000610351562,118.19000244140625
2018-02-21,247.72000122070312,116.73999786376953
2018-02-22,249.49000549316406,117.08999633789062
2018-02-23,252.91000366210938,118.12999725341797
2018-02-26,256.9200134277344,118.16999816894531
2018-02-27,253.9600067138672,118.0
2018-02-28,250.1999969482422,118.75
2018-03-01,245.97999572753906,119.31999969482422
2018-03-02,245.35000610351562,118.3499984741211
2018-03-05,248.83999633789062,118.02999877929688
2018-03-06,248.83999633789062,118.13999938964844
2018-03-07,248.11000061035156,118.01000213623047
2018-03-08,249.13999938964844,118.69000244140625
2018-03-09,253.55999755859375,117.91000366210938
2018-03-12,251.9600067138672,118.58999633789062
2018-03-13,250.22000122070312,119.19000244140625
2018-03-14,247.8800048828125,120.23999786376953
2018-03-15,249.0,120.23999786376953
2018-03-16,249.10000610351562,119.80999755859375
2018-03-19,245.91000366210938,119.43000030517578
2018-03-20,247.10000610351562,118.94999694824219
2018-03-21,246.6199951171875,119.08000183105469
2018-03-22,239.36000061035156,120.26000213623047
2018-03-23,235.1300048828125,120.16999816894531
2018-03-26,241.82000732421875,119.70999908447266
2018-03-27,238.2899932861328,120.98999786376953
2018-03-28,238.27999877929688,121.30999755859375
2018-03-29,241.39999389648438,121.9000015258789
2018-04-02,236.14999389648438,121.87999725341797
2018-04-03,240.14999389648438,120.94000244140625
2018-04-04,242.4600067138672,120.69000244140625
2018-04-05,244.91000366210938,119.79000091552734
2018-04-06,239.1300048828125,121.0999984741211
2018-04-09,239.72999572753906,121.30000305175781
2018-04-10,244.00999450683594,121.08000183105469
2018-04-11,241.8800048828125,121.51000213623047
2018-04-12,244.80999755859375,120.62000274658203
2018-04-13,243.5800018310547,120.9000015258789
2018-04-16,245.6199951171875,120.94000244140625
2018-04-17,247.8000030517578,121.2699966430664
2018-04-18,247.3800048828125,120.30000305175781
2018-04-19,246.57000732421875,119.31999969482422
2018-04-20,244.47999572753906,118.45999908447266
2018-04-23,244.35000610351562,118.48999786376953
2018-04-24,240.08999633789062,117.94999694824219
2018-04-25,240.6999969482422,117.16000366210938
2018-04-26,243.1199951171875,117.9800033569336
2018-04-27,242.9499969482422,118.88999938964844
2018-04-30,241.5399932861328,119.0999984741211
2018-05-01,240.75999450683594,118.41000366210938
2018-05-02,239.11000061035156,118.27999877929688
2018-05-03,239.10000610351562,118.80999755859375
2018-05-04,242.52000427246094,118.98999786376953
2018-05-07,243.4199981689453,118.80000305175781
2018-05-08,243.4199981689453,118.69000244140625
2018-05-09,245.39999389648438,117.9800033569336
2018-05-10,247.4600067138672,118.93000030517578
2018-05-11,248.5399932861328,119.2300033569336
2018-05-14,249.27000427246094,118.5999984741211
2018-05-15,247.30999755859375,117.25
2018-05-16,247.97000122070312,116.80000305175781
2018-05-17,247.74000549316406,116.20999908447266
2018-05-18,247.0,117.20999908447266
2018-05-21,249.94000244140625,117.2699966430664
2018-05-22,248.17999267578125,117.08999633789062
2018-05-23,248.6300048828125,117.94000244140625
2018-05-24,247.91000366210938,118.87999725341797
2018-05-25,247.3699951171875,119.62000274658203
2018-05-29,243.4499969482422,122.23999786376953
2018-05-30,246.6999969482422,121.41999816894531
2018-05-31,244.17999267578125,121.22000122070312
2018-06-01,246.36000061035156,120.30000305175781
2018-06-04,248.1999969482422,119.43000030517578
2018-06-05,248.14999389648438,119.70999908447266
2018-06-06,251.52000427246094,118.73999786376953
2018-06-07,252.52999877929688,119.88999938964844
2018-06-08,253.27000427246094,119.52999877929688
2018-06-11,253.38999938964844,119.30999755859375
2018-06-12,253.3000030517578,119.33999633789062
2018-06-13,252.17999267578125,119.27999877929688
2018-06-14,251.99000549316406,120.2699966430664
2018-06-15,250.74000549316406,120.37999725341797
2018-06-18,249.72999572753906,120.2699966430664
2018-06-19,246.8800048828125,120.97000122070312
2018-06-20,246.4600067138672,119.91000366210938
2018-06-21,244.5,120.54000091552734
2018-06-22,245.69000244140625,120.52999877929688
2018-06-25,242.30999755859375,120.80000305175781
2018-06-26,242.6699981689453,120.97000122070312
2018-06-27,241.1199951171875,122.11000061035156
2018-06-28,242.0800018310547,122.13999938964844
2018-06-29,242.72999572753906,121.72000122070312
2018-07-02,242.72999572753906,121.3499984741211
2018-07-03,241.66000366210938,122.0
2018-07-05,243.5500030517578,122.3499984741211
2018-07-06,244.60000610351562,122.75
2018-07-09,247.83999633789062,121.95999908447266
2018-07-10,249.22999572753906,121.94999694824219
2018-07-11,247.0800018310547,122.41999816894531
2018-07-12,249.3000030517578,122.41000366210938
2018-07-13,250.1999969482422,122.72000122070312
2018-07-16,250.6699981689453,122.20999908447266
2018-07-17,251.27999877929688,121.9800033569336
2018-07-18,252.02999877929688,121.48999786376953
2018-07-19,250.7899932861328,122.26000213623047
2018-07-20,250.44000244140625,120.76000213623047
2018-07-23,250.25999450683594,119.2699966430664
2018-07-24,252.2100067138672,119.68000030517578
2018-07-25,254.02000427246094,119.48999786376953
2018-07-26,255.1199951171875,119.26000213623047
2018-07-27,254.25999450683594,119.45999908447266
2018-07-30,252.8699951171875,119.05000305175781
2018-07-31,254.1699981689453,119.69999694824219
2018-08-01,253.11000061035156,118.45999908447266
2018-08-02,253.10000610351562,118.62999725341797
2018-08-03,254.38999938964844,119.22000122070312
2018-08-06,254.85000610351562,119.29000091552734
2018-08-07,256.1199951171875,118.66999816894531
2018-08-08,255.6199951171875,118.79000091552734
2018-08-09,255.16000366210938,119.79000091552734
2018-08-10,253.3000030517578,120.66000366210938
2018-08-13,252.0399932861328,120.41000366210938
2018-08-14,253.2100067138672,120.13999938964844
2018-08-15,251.75999450683594,120.83999633789062
2018-08-16,255.94000244140625,120.83000183105469
2018-08-17,256.510009765625,120.9800033569336
2018-08-20,257.42999267578125,121.79000091552734
2018-08-21,258.07000732421875,121.37999725341797
2018-08-22,257.17999267578125,121.86000061035156
2018-08-23,256.489990234375,122.05000305175781
2018-08-24,257.8500061035156,122.29000091552734
2018-08-27,260.5799865722656,121.58999633789062
2018-08-28,260.6400146484375,120.86000061035156
2018-08-29,261.3299865722656,121.0199966430664
2018-08-30,260.010009765625,121.27999877929688
2018-08-31,259.8500061035156,121.0
2018-09-04,259.7300109863281,120.02999877929688
2018-09-05,259.9200134277344,119.70999908447266
2018-09-06,260.2900085449219,120.1500015258789
2018-09-07,259.5400085449219,119.12999725341797
2018-09-10,258.94000244140625,119.56999969482422
2018-09-11,260.0299987792969,118.66000366210938
2018-09-12,260.25,118.94000244140625
2018-09-13,261.7799987792969,119.12000274658203
2018-09-14,261.8900146484375,118.55000305175781
2018-09-17,260.9800109863281,118.55000305175781
2018-09-18,262.9100036621094,117.30999755859375
2018-09-19,264.4200134277344,116.61000061035156
2018-09-20,267.0400085449219,117.1500015258789
2018-09-21,267.1199951171875,117.0999984741211
2018-09-24,265.4200134277344,116.80000305175781
2018-09-25,264.7300109863281,116.68000030517578
2018-09-26,263.7799987792969,117.5
2018-09-27,264.25,117.58000183105469
2018-09-28,264.3999938964844,117.2699966430664
2018-10-01,266.7300109863281,116.1500015258789
2018-10-02,267.57000732421875,116.86000061035156
2018-10-03,267.95001220703125,114.83000183105469
2018-10-04,266.25,114.0199966430664
2018-10-05,264.32000732421875,113.04000091552734
2018-10-08,264.8299865722656,112.66000366210938
2018-10-09,264.2300109863281,113.80000305175781
2018-10-10,256.05999755859375,113.48999786376953
2018-10-11,250.27000427246094,114.87000274658203
2018-10-12,253.3000030517578,114.47000122070312
2018-10-15,252.33999633789062,114.41999816894531
2018-10-16,257.9200134277344,114.68000030517578
2018-10-17,256.9700012207031,114.0
2018-10-18,253.67999267578125,113.95999908447266
2018-10-19,254.32000732421875,113.70999908447266
2018-10-22,253.0399932861328,113.55999755859375
2018-10-23,251.6699981689453,113.91999816894531
2018-10-24,245.63999938964844,114.77999877929688
2018-10-25,249.77000427246094,114.30000305175781
2018-10-26,246.52999877929688,114.98999786376953
2018-10-29,244.47000122070312,114.7300033569336
2018-10-30,248.6999969482422,114.16000366210938
2018-10-31,251.19000244140625,113.58000183105469
2018-11-01,253.72999572753906,113.41000366210938
2018-11-02,252.4600067138672,112.0
2018-11-05,254.47999572753906,112.44000244140625
2018-11-06,256.2300109863281,112.37000274658203
2018-11-07,261.7799987792969,112.5199966430664
2018-11-08,262.1000061035156,112.51000213623047
2018-11-09,260.0899963378906,113.3499984741211
2018-11-12,254.22000122070312,114.08999633789062
2018-11-13,253.05999755859375,114.0199966430664
2018-11-14,250.91000366210938,114.08999633789062
2018-11-15,253.22000122070312,114.04000091552734
2018-11-16,254.0500030517578,114.69999694824219
2018-11-19,249.86000061035156,115.0199966430664
2018-11-20,244.5,115.05999755859375
2018-11-21,244.64999389648438,115.0199966430664
2018-11-23,242.80999755859375,115.13999938964844
2018-11-26,246.38999938964844,114.87999725341797
2018-11-27,247.5,115.01000213623047
2018-11-28,253.83999633789062,114.44999694824219
2018-11-29,253.58999633789062,114.9000015258789
2018-11-30,255.50999450683594,115.33000183105469
2018-12-03,258.7300109863281,115.87999725341797
2018-12-04,250.72999572753906,117.81999969482422
2018-12-06,249.72000122070312,118.19000244140625
2018-12-07,244.30999755859375,118.41000366210938
2018-12-10,244.7100067138672,118.9000015258789
2018-12-11,244.22999572753906,118.87999725341797
2018-12-12,245.8800048828125,118.3499984741211
2018-12-13,246.27000427246094,118.06999969482422
2018-12-14,241.4199981689453,118.4800033569336
2018-12-17,236.42999267578125,119.16999816894531
2018-12-18,237.36000061035156,119.5999984741211
2018-12-19,233.4199981689453,121.18000030517578
2018-12-20,228.88999938964844,120.73999786376953
2018-12-21,224.08999633789062,120.72000122070312
2018-12-24,218.10000610351562,121.31999969482422
2018-12-26,228.7100067138672,120.0199966430664
2018-12-27,231.25999450683594,120.04000091552734
2018-12-28,230.47999572753906,121.05000305175781
2018-12-31,233.1999969482422,121.51000213623047
2019-01-02,233.36000061035156,122.1500015258789
2019-01-03,226.72000122070312,123.54000091552734
2019-01-04,234.27999877929688,122.11000061035156
2019-01-07,235.36000061035156,121.75
2019-01-08,237.9199981689453,121.43000030517578
2019-01-09,238.9199981689453,121.23999786376953
2019-01-10,240.0,120.45999908447266
2019-01-11,239.8800048828125,120.93000030517578
2019-01-14,238.94000244140625,120.4800033569336
2019-01-15,240.63999938964844,120.04000091552734
2019-01-16,241.86000061035156,120.16000366210938
2019-01-17,243.8000030517578,120.19000244140625
2019-01-18,247.0500030517578,119.55999755859375
2019-01-22,244.0,120.37000274658203
2019-01-23,245.72000122070312,120.31999969482422
2019-01-24,245.47000122070312,121.11000061035156
2019-01-25,247.38999938964844,120.52999877929688
2019-01-28,245.10000610351562,120.41000366210938
2019-01-29,245.7100067138672,121.0199966430664
2019-01-30,250.17999267578125,120.93000030517578
2019-01-31,250.1199951171875,121.97000122070312
2019-02-01,250.47999572753906,120.95999908447266
2019-02-04,252.32000732421875,120.41999816894531
2019-02-05,253.9600067138672,120.97000122070312
2019-02-06,253.8699951171875,121.02999877929688
2019-02-07,251.89999389648438,121.83000183105469
2019-02-08,251.32000732421875,122.3499984741211
2019-02-11,250.94000244140625,121.87000274658203
2019-02-12,254.52999877929688,121.55999755859375
2019-02-13,255.8000030517578,121.0999984741211
2019-02-14,255.16000366210938,121.79000091552734
2019-02-15,258.6499938964844,121.9800033569336
2019-02-19,258.80999755859375,122.29000091552734
2019-02-20,259.5,121.94000244140625
2019-02-21,258.5299987792969,120.8499984741211
2019-02-22,260.1700134277344,121.56999969482422
2019-02-25,260.8900146484375,121.20999908447266
2019-02-26,260.5400085449219,121.80999755859375
2019-02-27,259.8699951171875,120.43000030517578
2019-02-28,259.2799987792969,120.0199966430664
2019-03-01,260.4200134277344,118.66000366210938
2019-03-04,258.2799987792969,119.58999633789062
2019-03-05,258.19000244140625,119.83999633789062
2019-03-06,256.8699951171875,120.27999877929688
2019-03-07,254.80999755859375,121.05999755859375
2019-03-08,254.7100067138672,121.56999969482422
2019-03-11,256.760009765625,121.20999908447266
2019-03-12,255.86000061035156,122.05999755859375
2019-03-13,257.3500061035156,121.83000183105469
2019-03-14,257.5400085449219,120.94999694824219
2019-03-15,258.3399963378906,121.75
2019-03-18,258.989990234375,121.68000030517578
2019-03-19,258.8800048828125,121.41000366210938
2019-03-20,257.2900085449219,122.68000030517578
2019-03-21,259.5799865722656,122.94999694824219
2019-03-22,254.9600067138672,124.86000061035156
2019-03-25,255.07000732421875,125.05999755859375
2019-03-26,256.4599914550781,124.97000122070312
2019-03-27,256.1099853515625,126.12000274658203
2019-03-28,257.0799865722656,126.55999755859375
2019-03-29,259.1300048828125,126.44000244140625
2019-04-01,262.3900146484375,124.37000274658203
2019-04-02,261.69000244140625,124.5999984741211
2019-04-03,262.0,123.5199966430664
2019-04-04,263.7799987792969,123.87000274658203
2019-04-05,264.1600036621094,124.02999877929688
2019-04-08,263.2200012207031,123.58999633789062
2019-04-09,261.510009765625,123.9800033569336
2019-04-10,261.6000061035156,124.27999877929688
2019-04-11,261.3999938964844,123.55000305175781
2019-04-12,264.07000732421875,122.66999816894531
2019-04-15,263.80999755859375,122.9800033569336
2019-04-16,264.5299987792969,122.20999908447266
2019-04-17,264.5299987792969,122.26000213623047
2019-04-18,265.55999755859375,122.9000015258789
2019-04-22,265.07000732421875,122.30999755859375
2019-04-23,266.4800109863281,122.56999969482422
2019-04-24,265.9200134277344,123.56999969482422
2019-04-25,264.5299987792969,123.38999938964844
2019-04-26,265.3399963378906,123.80999755859375
2019-04-29,265.44000244140625,123.0199966430664
2019-04-30,265.7900085449219,123.6500015258789
2019-05-01,264.1499938964844,123.9000015258789
2019-05-02,262.8800048828125,123.30999755859375
2019-05-03,264.9700012207031,123.66000366210938
2019-05-06,264.2699890136719,124.0
2019-05-07,259.5199890136719,124.94999694824219
2019-05-08,259.6600036621094,124.41000366210938
2019-05-09,258.44000244140625,124.91999816894531
2019-05-10,259.9200134277344,124.75
2019-05-13,253.47000122070312,125.7300033569336
2019-05-14,255.80999755859375,125.36000061035156
2019-05-15,256.9200134277344,126.12999725341797
2019-05-16,259.1600036621094,125.70999908447266
2019-05-17,257.44000244140625,125.98999786376953
2019-05-20,256.6700134277344,125.7300033569336
2019-05-21,258.7699890136719,125.52999877929688
2019-05-22,257.6000061035156,126.25
2019-05-23,254.75999450683594,127.66999816894531
2019-05-24,256.1199951171875,127.77999877929688
2019-05-28,253.47000122070312,128.6999969482422
2019-05-29,251.27000427246094,129.08999633789062
2019-05-30,251.8699951171875,130.1999969482422
2019-05-31,248.22000122070312,131.8300018310547
2019-06-03,248.5,132.44000244140625
2019-06-04,253.64999389648438,130.92999267578125
2019-06-05,255.72999572753906,130.19000244140625
2019-06-06,257.7200012207031,130.61000061035156
2019-06-07,260.25,131.74000549316406
2019-06-10,260.989990234375,130.5
2019-06-11,260.8800048828125,130.5800018310547
2019-06-12,260.45001220703125,130.67999267578125
2019-06-13,261.55999755859375,131.1300048828125
2019-06-14,261.510009765625,131.4600067138672
2019-06-17,261.67999267578125,131.69000244140625
2019-06-18,265.3299865722656,132.35000610351562
2019-06-19,265.55999755859375,132.5399932861328
2019-06-20,268.0799865722656,132.88999938964844
2019-06-21,267.1000061035156,131.42999267578125
2019-06-24,267.1700134277344,132.41000366210938
2019-06-25,265.260009765625,132.82000732421875
2019-06-26,265.2200012207031,131.97000122070312
2019-06-27,265.1499938964844,132.89999389648438
2019-06-28,265.8500061035156,132.80999755859375
2019-07-01,266.9700012207031,132.24000549316406
2019-07-02,267.6600036621094,133.25999450683594
2019-07-03,269.55999755859375,134.2100067138672
2019-07-05,269.2699890136719,132.42999267578125
2019-07-08,268.05999755859375,132.61000061035156
2019-07-09,267.8599853515625,132.55999755859375
2019-07-10,268.69000244140625,131.8300018310547
2019-07-11,270.9200134277344,130.07000732421875
2019-07-12,273.3900146484375,130.22000122070312
2019-07-15,273.6000061035156,130.97000122070312
2019-07-16,273.4200134277344,130.5800018310547
2019-07-17,272.2799987792969,131.99000549316406
2019-07-18,272.2699890136719,132.0
2019-07-19,271.45001220703125,131.69000244140625
2019-07-22,271.6499938964844,131.94000244140625
2019-07-23,273.3500061035156,131.22000122070312
2019-07-24,272.6099853515625,131.7899932861328
2019-07-25,271.3900146484375,131.16000366210938
2019-07-26,271.8599853515625,131.47000122070312
2019-07-29,272.1300048828125,131.50999450683594
2019-07-30,271.9100036621094,131.8300018310547
2019-07-31,268.5199890136719,132.88999938964844
2019-08-01,265.760009765625,135.25999450683594
2019-08-02,264.80999755859375,136.50999450683594
2019-08-05,257.1000061035156,138.8699951171875
2019-08-06,260.2900085449219,139.97999572753906
2019-08-07,260.239990234375,140.02999877929688
2019-08-08,264.1300048828125,140.3300018310547
2019-08-09,263.17999267578125,140.0500030517578
2019-08-12,259.3999938964844,142.97000122070312
2019-08-13,263.1700134277344,142.47999572753906
2019-08-14,255.0800018310547,145.69000244140625
2019-08-15,256.3599853515625,147.30999755859375
2019-08-16,258.8800048828125,146.1300048828125
2019-08-19,261.3399963378906,144.0399932861328
2019-08-20,259.69000244140625,145.52999877929688
2019-08-21,262.0299987792969,144.55999755859375
2019-08-22,262.55999755859375,143.60000610351562
2019-08-23,256.2900085449219,145.9600067138672
2019-08-26,259.1000061035156,145.3699951171875
2019-08-27,257.79998779296875,147.61000061035156
2019-08-28,260.3900146484375,147.8000030517578
2019-08-29,263.8999938964844,147.24000549316406
2019-08-30,264.1300048828125,147.27999877929688
2019-09-03,261.4200134277344,147.2100067138672
2019-09-04,263.92999267578125,147.42999267578125
2019-09-05,267.67999267578125,144.75999450683594
2019-09-06,268.32000732421875,145.7899932861328
2019-09-09,268.79998779296875,143.1999969482422
2019-09-10,269.3900146484375,140.69000244140625
2019-09-11,271.69000244140625,140.44000244140625
2019-09-12,272.32000732421875,139.52000427246094
2019-09-13,272.6000061035156,136.5399932861328
2019-09-16,271.1700134277344,138.27999877929688
2019-09-17,271.55999755859375,139.02999877929688
2019-09-18,271.9700012207031,139.6199951171875
2019-09-19,271.4200134277344,140.0399932861328
2019-09-20,269.25,141.88999938964844
2019-09-23,269.3599853515625,141.86000061035156
2019-09-24,267.9700012207031,143.57000732421875
2019-09-25,269.5799865722656,141.47000122070312
2019-09-26,268.8800048828125,142.3800048828125
2019-09-27,267.989990234375,142.72999572753906
2019-09-30,269.17999267578125,143.0800018310547
2019-10-01,265.5,143.25999450683594
2019-10-02,260.7200012207031,143.61000061035156
2019-10-03,262.010009765625,144.9199981689453
2019-10-04,265.6600036621094,145.99000549316406
2019-10-07,264.739990234375,144.77999877929688
2019-10-08,261.5799865722656,145.1699981689453
2019-10-09,263.42999267578125,144.35000610351562
2019-10-10,265.010009765625,142.1999969482422
2019-10-11,268.1600036621094,140.44000244140625
2019-10-14,267.8599853515625,141.4600067138672
2019-10-15,270.2200012207031,139.75
2019-10-16,270.0799865722656,139.9199981689453
2019-10-17,270.3800048828125,139.5800018310547
2019-10-18,267.6400146484375,139.5800018310547
2019-10-21,268.2099914550781,138.52999877929688
2019-10-22,267.82000732421875,139.33999633789062
2019-10-23,268.239990234375,139.47999572753906
2019-10-24,267.9800109863281,139.1999969482422
2019-10-25,269.6000061035156,138.52000427246094
2019-10-28,270.80999755859375,137.25999450683594
2019-10-29,270.8699951171875,137.35000610351562
2019-10-30,271.739990234375,139.36000061035156
2019-10-31,270.4800109863281,141.24000549316406
2019-11-01,273.3399963378906,140.55999755859375
2019-11-04,274.54998779296875,138.7100067138672
2019-11-05,274.80999755859375,137.14999389648438
2019-11-06,274.79998779296875,137.97999572753906
2019-11-07,277.04998779296875,135.47999572753906
2019-11-08,277.07000732421875,134.91000366210938
2019-11-11,277.1600036621094,135.0
2019-11-12,277.2900085449219,135.6199951171875
2019-11-13,278.04998779296875,136.5
2019-11-14,278.2300109863281,137.91000366210938
2019-11-15,279.94000244140625,137.75999450683594
2019-11-18,280.2699890136719,138.00999450683594
2019-11-19,279.3299865722656,139.16000366210938
2019-11-20,278.20001220703125,140.60000610351562
2019-11-21,277.7200012207031,139.72000122070312
2019-11-22,278.8599853515625,139.89999389648438
2019-11-25,280.79998779296875,140.30999755859375
2019-11-26,281.3599853515625,141.1300048828125
2019-11-27,281.9100036621094,140.72000122070312
2019-11-29,280.95001220703125,140.4199981689453
2019-12-02,278.20001220703125,138.30999755859375
2019-12-03,275.510009765625,141.2100067138672
2019-12-04,277.04998779296875,139.8000030517578
2019-12-05,277.3599853515625,139.1199951171875
2019-12-06,280.70001220703125,138.35000610351562
2019-12-09,279.760009765625,138.64999389648438
2019-12-10,279.4599914550781,138.66000366210938
2019-12-11,279.7200012207031,139.75
2019-12-12,281.95001220703125,137.4499969482422
2019-12-13,282.1099853515625,139.0399932861328
2019-12-16,283.07000732421875,137.7899932861328
2019-12-17,283.3999938964844,137.60000610351562
2019-12-18,283.2099914550781,136.47000122070312
2019-12-19,284.4599914550781,136.47000122070312
2019-12-20,284.4599914550781,136.64999389648438
2019-12-23,285.3299865722656,136.4499969482422
2019-12-24,285.010009765625,136.83999633789062
2019-12-26,286.05999755859375,137.1699981689453
2019-12-27,286.3299865722656,137.32000732421875
2019-12-30,284.5299987792969,136.82000732421875
2019-12-31,285.1000061035156,135.47999572753906
2020-01-02,288.6199951171875,137.00999450683594
2020-01-03,286.32000732421875,139.1199951171875
2020-01-06,286.9800109863281,138.3300018310547
2020-01-07,285.739990234375,137.64999389648438
2020-01-08,287.3999938964844,136.74000549316406
2020-01-09,289.55999755859375,137.22000122070312
2020-01-10,288.239990234375,138.44000244140625
2020-01-13,289.0199890136719,138.02000427246094
2020-01-14,289.2200012207031,138.72999572753906
2020-01-15,290.3500061035156,139.64999389648438
2020-01-16,292.92999267578125,139.2100067138672
2020-01-17,293.2699890136719,138.02000427246094
2020-01-21,291.8299865722656,139.47000122070312
2020-01-22,291.80999755859375,139.9600067138672
2020-01-23,291.5400085449219,140.94000244140625
2020-01-24,289.79998779296875,142.0800018310547
2020-01-27,285.3599853515625,144.2899932861328
2020-01-28,287.2900085449219,143.16000366210938
2020-01-29,287.2900085449219,144.55999755859375
2020-01-30,288.5400085449219,144.5800018310547
2020-01-31,282.4200134277344,145.89999389648438
2020-02-03,283.9800109863281,145.5399932861328
2020-02-04,288.0400085449219,143.5800018310547
2020-02-05,292.8599853515625,142.00999450683594
2020-02-06,293.739990234375,142.64999389648438
2020-02-07,291.19000244140625,144.42999267578125
2020-02-10,292.95001220703125,144.8300018310547
2020-02-11,292.94000244140625,144.10000610351562
2020-02-12,295.7200012207031,143.3699951171875
2020-02-13,294.82000732421875,143.9199981689453
2020-02-14,294.5400085449219,144.5500030517578
2020-02-18,292.95001220703125,145.5399932861328
2020-02-19,294.1000061035156,145.52999877929688
2020-02-20,292.7799987792969,146.6699981689453
2020-02-21,289.739990234375,148.0399932861328
2020-02-24,279.55999755859375,150.25
2020-02-25,270.70001220703125,151.0500030517578
2020-02-26,269.739990234375,150.25
2020-02-27,257.5,151.8800048828125
2020-02-28,254.55999755859375,155.30999755859375
2020-03-02,267.0299987792969,153.94000244140625
2020-03-03,259.29998779296875,156.3300018310547
2020-03-04,270.8900146484375,154.6699981689453
2020-03-05,261.4599914550781,158.52000427246094
2020-03-06,258.8500061035156,166.77000427246094
2020-03-09,238.72000122070312,171.2899932861328
2020-03-10,250.47000122070312,162.50999450683594
2020-03-11,235.83999633789062,156.52999877929688
2020-03-12,212.11000061035156,157.5
2020-03-13,232.11000061035156,153.94000244140625
2020-03-16,202.49000549316406,163.91000366210938
2020-03-17,213.47000122070312,152.97999572753906
2020-03-18,199.38999938964844,144.35000610351562
2020-03-19,201.30999755859375,148.27999877929688
2020-03-20,191.89999389648438,159.42999267578125
2020-03-23,186.1300048828125,166.0
2020-03-24,206.63999938964844,162.91000366210938
2020-03-25,212.05999755859375,162.5399932861328
2020-03-26,225.07000732421875,163.33999633789062
2020-03-27,216.35000610351562,167.6999969482422
2020-03-30,223.10000610351562,166.32000732421875
2020-03-31,219.22999572753906,164.97000122070312
2020-04-01,209.3800048828125,167.0399932861328
2020-04-02,213.9600067138672,168.10000610351562
2020-04-03,210.60000610351562,168.5
2020-04-06,226.52999877929688,168.05999755859375
2020-04-07,226.60000610351562,166.3000030517578
2020-04-08,234.3300018310547,165.08999633789062
2020-04-09,237.13999938964844,165.38999938964844
2020-04-13,233.9600067138672,163.8800048828125
2020-04-14,239.67999267578125,163.83999633789062
2020-04-15,235.0800018310547,168.17999267578125
2020-04-16,235.33999633789062,170.08999633789062
2020-04-17,242.42999267578125,167.80999755859375
2020-04-20,236.63999938964844,169.16000366210938
2020-04-21,230.22000122070312,171.2899932861328
2020-04-22,234.77000427246094,169.5399932861328
2020-04-23,235.07000732421875,170.44000244140625
2020-04-24,237.8300018310547,170.83999633789062
2020-04-27,241.32000732421875,167.66000366210938
2020-04-28,241.08999633789062,169.58999633789062
2020-04-29,246.4499969482422,168.7100067138672
2020-04-30,243.22000122070312,166.74000549316406
2020-05-01,237.27999877929688,167.9499969482422
2020-05-04,237.4199981689453,167.16000366210938
2020-05-05,238.8000030517578,166.08999633789062
2020-05-06,236.86000061035156,163.41000366210938
2020-05-07,238.91000366210938,166.13999938964844
2020-05-08,243.6199951171875,163.97999572753906
2020-05-11,242.55999755859375,162.6999969482422
2020-05-12,238.0800018310547,164.3699951171875
2020-05-13,232.82000732421875,165.52000427246094
2020-05-14,236.75,167.13999938964844
2020-05-15,236.91000366210938,166.7100067138672
2020-05-18,245.92999267578125,163.0500030517578
2020-05-19,242.22000122070312,163.66000366210938
2020-05-20,245.72999572753906,164.14999389648438
2020-05-21,245.02000427246094,164.55999755859375
2020-05-22,244.8800048828125,165.5500030517578
2020-05-26,250.25,163.3300018310547
2020-05-27,255.77000427246094,163.02999877929688
2020-05-28,254.35000610351562,162.42999267578125
2020-05-29,254.2899932861328,163.58999633789062
2020-06-01,255.27000427246094,162.27999877929688
2020-06-02,257.8500061035156,161.69000244140625
2020-06-03,263.1700134277344,159.5399932861328
2020-06-04,263.3299865722656,157.22999572753906
2020-06-05,271.5400085449219,156.11000061035156
2020-06-08,276.2799987792969,156.7100067138672
2020-06-09,273.3800048828125,158.49000549316406
2020-06-10,270.4599914550781,160.83999633789062
2020-06-11,252.02999877929688,163.8800048828125
2020-06-12,256.739990234375,162.3000030517578
2020-06-15,258.3500061035156,162.38999938964844
2020-06-16,263.82000732421875,159.89999389648438
2020-06-17,261.82000732421875,160.55999755859375
2020-06-18,261.45001220703125,162.25999450683594
2020-06-19,258.79998779296875,162.38999938964844
2020-06-22,260.32000732421875,162.41000366210938
2020-06-23,261.5,161.3000030517578
2020-06-24,254.6300048828125,163.02999877929688
2020-06-25,257.44000244140625,163.5
2020-06-26,250.3800048828125,165.25
2020-06-29,255.91000366210938,164.72999572753906
2020-06-30,257.8699951171875,163.92999267578125
2020-07-01,257.30999755859375,163.4199981689453
2020-07-02,258.4200134277344,163.58999633789062
2020-07-06,263.0,162.9199981689453
2020-07-07,259.0400085449219,165.2100067138672
2020-07-08,260.7200012207031,164.5500030517578
2020-07-09,257.239990234375,167.1699981689453
2020-07-10,260.82000732421875,166.3300018310547
2020-07-13,261.0400085449219,166.8800048828125
2020-07-14,266.5899963378906,167.1199951171875
2020-07-15,268.9100036621094,166.33999633789062
2020-07-16,267.4700012207031,167.1300048828125
2020-07-17,266.739990234375,166.77999877929688
2020-07-20,266.82000732421875,167.19000244140625
2020-07-21,268.3399963378906,167.2899932861328
2020-07-22,269.9800109863281,167.7899932861328
2020-07-23,266.69000244140625,169.75
2020-07-24,264.69000244140625,169.74000549316406
2020-07-27,265.95001220703125,169.11000061035156
2020-07-28,263.92999267578125,170.27999877929688
2020-07-29,265.5,169.99000549316406
2020-07-30,263.2799987792969,171.11000061035156
2020-07-31,264.3500061035156,171.0
2020-08-03,266.7200012207031,169.9499969482422
2020-08-04,268.4100036621094,171.57000732421875
2020-08-05,272.0,170.07000732421875
2020-08-06,273.8999938964844,171.02000427246094
2020-08-07,274.6199951171875,169.8800048828125
