,lookback,frequency,ShortTermWeight,LongTermWeight,RSI_weight,v_ratio_weight,Z_weight,TotalAnnReturn,CAGR,sharpe,volatility,p_val
18,10,1W-FRI-100%,3,1,1,0,0,2.587780094,0.386,1.301972723,0.295027087,0.0093
19,10,1W-FRI-100%,3,1,2,0,0,2.397003239,0.3758,1.27711759,0.29466751,0.01048
20,10,1W-FRI-100%,3,1,3,0,0,2.237749137,0.3668,1.260304142,0.292705843,0.00892
328,25,1W-FRI-100%,1,2,2,0,0,1.25080301,0.294,1.201751317,0.250067772,0.09978
329,25,1W-FRI-100%,1,2,3,0,0,1.267754042,0.2956,1.194092084,0.253470673,0.08392
9,10,1W-FRI-100%,2,1,1,0,0,1.654038768,0.3282,1.168850444,0.289118827,0.0193
10,10,1W-FRI-100%,2,1,2,0,0,1.662380555,0.3288,1.168176223,0.289903645,0.02804
11,10,1W-FRI-100%,2,1,3,0,0,1.586342829,0.323,1.146993272,0.291692622,0.02666
23,10,1W-FRI-100%,3,2,3,0,0,1.506179123,0.3165,1.137996008,0.288811992,0.01262
0,10,1W-FRI-100%,1,1,1,0,0,1.351525225,0.3033,1.116237644,0.283859104,0.03566
13,10,1W-FRI-100%,2,2,2,0,0,1.351525225,0.3033,1.116237644,0.283859104,0.0369
26,10,1W-FRI-100%,3,3,3,0,0,1.351525225,0.3033,1.116237644,0.283859104,0.03618
12,10,1W-FRI-100%,2,2,1,0,0,1.336367944,0.3019,1.112026592,0.283978821,0.03722
24,10,1W-FRI-100%,3,3,1,0,0,1.336367944,0.3019,1.112026592,0.283978821,0.03762
25,10,1W-FRI-100%,3,3,2,0,0,1.336367944,0.3019,1.112026592,0.283978821,0.03788
330,25,1W-FRI-100%,1,3,1,0,0,0.97537731,0.2649,1.108903663,0.249435677,0.12514
14,10,1W-FRI-100%,2,2,3,0,0,1.314722104,0.3,1.10732038,0.283680023,0.03484
21,10,1W-FRI-100%,3,2,1,0,0,1.339724853,0.3022,1.10512347,0.286471117,0.02536
332,25,1W-FRI-100%,1,3,3,0,0,0.969577739,0.2642,1.100238284,0.251316196,0.11944
22,10,1W-FRI-100%,3,2,2,0,0,1.318733177,0.3003,1.099232027,0.286662255,0.02338
331,25,1W-FRI-100%,1,3,2,0,0,0.957706176,0.2628,1.097117578,0.250869564,0.11498
327,25,1W-FRI-100%,1,2,1,0,0,0.9405536,0.2607,1.093688843,0.249856067,0.1471
1,10,1W-FRI-100%,1,1,2,0,0,1.205194915,0.2896,1.072785294,0.285443765,0.05854
338,25,1W-FRI-100%,2,2,3,0,0,0.841765958,0.2483,1.056911949,0.248390362,0.16168
15,10,1W-FRI-100%,2,3,1,0,0,1.048327566,0.2732,1.045718881,0.278037305,0.03928
2,10,1W-FRI-100%,1,1,3,0,0,1.140850268,0.2831,1.044562703,0.289115063,0.0556
16,10,1W-FRI-100%,2,3,2,0,0,1.037687731,0.272,1.042778164,0.277839187,0.03838
3,10,1W-FRI-100%,1,2,1,0,0,1.044813977,0.2728,1.041860483,0.279029118,0.0439
17,10,1W-FRI-100%,2,3,3,0,0,1.050114151,0.2734,1.041531676,0.279775194,0.05212
4,10,1W-FRI-100%,1,2,2,0,0,1.036042023,0.2718,1.036345958,0.280010819,0.05762
5,10,1W-FRI-100%,1,2,3,0,0,1.041272798,0.2724,1.034698639,0.281248334,0.06102
341,25,1W-FRI-100%,2,3,3,0,0,0.787825365,0.2409,1.032785909,0.248186916,0.1076
340,25,1W-FRI-100%,2,3,2,0,0,0.77993099,0.2398,1.030885206,0.247602459,0.1263
324,25,1W-FRI-100%,1,1,1,0,0,0.768441066,0.2382,1.022754331,0.248452072,0.17782
337,25,1W-FRI-100%,2,2,2,0,0,0.768441066,0.2382,1.022754331,0.248452072,0.17788
350,25,1W-FRI-100%,3,3,3,0,0,0.768441066,0.2382,1.022754331,0.248452072,0.17924
325,25,1W-FRI-100%,1,1,2,0,0,0.769514763,0.2384,1.021196476,0.249106133,0.12486
326,25,1W-FRI-100%,1,1,3,0,0,0.80081893,0.2427,1.020200432,0.254205789,0.11358
336,25,1W-FRI-100%,2,2,1,0,0,0.69043365,0.2266,0.983296481,0.248451158,0.17382
348,25,1W-FRI-100%,3,3,1,0,0,0.69043365,0.2266,0.983296481,0.248451158,0.17108
7,10,1W-FRI-100%,1,3,2,0,0,0.869397711,0.2519,0.978202995,0.279710153,0.05012
339,25,1W-FRI-100%,2,3,1,0,0,0.656743025,0.2213,0.971449299,0.246254633,0.23058
8,10,1W-FRI-100%,1,3,3,0,0,0.862654424,0.251,0.970790818,0.281669939,0.04404
349,25,1W-FRI-100%,3,3,2,0,0,0.650454999,0.2203,0.959091096,0.249318229,0.21454
347,25,1W-FRI-100%,3,2,3,0,0,0.642686474,0.2191,0.949249127,0.251262835,0.14782
346,25,1W-FRI-100%,3,2,2,0,0,0.633465329,0.2175,0.948009754,0.249851861,0.14718
345,25,1W-FRI-100%,3,2,1,0,0,0.584167766,0.2091,0.918298177,0.250129874,0.15766
357,25,2W-FRI-100%,1,3,1,0,0,0.561766793,0.2051,0.891945558,0.255057441,0.24176
6,10,1W-FRI-100%,1,3,1,0,0,0.658880633,0.2217,0.888191797,0.279187667,0.08294
334,25,1W-FRI-100%,2,1,2,0,0,0.541336378,0.2014,0.881936534,0.253872671,0.20304
223,20,1W-FRI-100%,1,3,2,0,0,0.541303241,0.2014,0.876813497,0.255876576,0.07462
358,25,2W-FRI-100%,1,3,2,0,0,0.5470893,0.2024,0.876444822,0.257671279,0.26068
219,20,1W-FRI-100%,1,2,1,0,0,0.524987408,0.1983,0.870391243,0.254207302,0.07412
222,20,1W-FRI-100%,1,3,1,0,0,0.522209556,0.1978,0.862937577,0.256552912,0.06718
359,25,2W-FRI-100%,1,3,3,0,0,0.515279261,0.1964,0.857140463,0.257228411,0.29962
344,25,1W-FRI-100%,3,1,3,0,0,0.488160698,0.1911,0.839429969,0.256959395,0.35908
342,25,1W-FRI-100%,3,1,1,0,0,0.474829685,0.1884,0.834131611,0.255182496,0.31726
220,20,1W-FRI-100%,1,2,2,0,0,0.464570346,0.1862,0.829056394,0.254113767,0.06524
224,20,1W-FRI-100%,1,3,3,0,0,0.456556626,0.1845,0.813908794,0.25837757,0.08104
233,20,1W-FRI-100%,2,3,3,0,0,0.443631307,0.1818,0.810578846,0.255491037,0.0576
355,25,2W-FRI-100%,1,2,2,0,0,0.437136238,0.1804,0.803958472,0.25646112,0.34502
221,20,1W-FRI-100%,1,2,3,0,0,0.4370718,0.1803,0.801287829,0.257508002,0.05374
231,20,1W-FRI-100%,2,3,1,0,0,0.421629491,0.1769,0.800794076,0.252227574,0.12092
343,25,1W-FRI-100%,3,1,2,0,0,0.430853497,0.179,0.798450002,0.256728732,0.41122
335,25,1W-FRI-100%,2,1,3,0,0,0.425373494,0.1778,0.798162537,0.254870185,0.2481
333,25,1W-FRI-100%,2,1,1,0,0,0.419637899,0.1765,0.794079284,0.254672779,0.2394
232,20,1W-FRI-100%,2,3,2,0,0,0.40366393,0.1728,0.785271987,0.252746061,0.11362
230,20,1W-FRI-100%,2,2,3,0,0,0.391902348,0.1701,0.769543456,0.25560859,0.08036
354,25,2W-FRI-100%,1,2,1,0,0,0.379725113,0.1672,0.760641959,0.255198314,0.34886
216,20,1W-FRI-100%,1,1,1,0,0,0.370189376,0.1648,0.751496779,0.255452799,0.10764
229,20,1W-FRI-100%,2,2,2,0,0,0.370189376,0.1648,0.751496779,0.255452799,0.10994
242,20,1W-FRI-100%,3,3,3,0,0,0.370189376,0.1648,0.751496779,0.255452799,0.11086
368,25,2W-FRI-100%,2,3,3,0,0,0.345432069,0.1586,0.730977917,0.254928912,0.30004
356,25,2W-FRI-100%,1,2,3,0,0,0.348945242,0.1595,0.726303385,0.259203555,0.42036
217,20,1W-FRI-100%,1,1,2,0,0,0.336702959,0.1563,0.719231502,0.256709085,0.10684
228,20,1W-FRI-100%,2,2,1,0,0,0.315432369,0.1506,0.70395396,0.25390786,0.15362
240,20,1W-FRI-100%,3,3,1,0,0,0.315432369,0.1506,0.70395396,0.25390786,0.152
241,20,1W-FRI-100%,3,3,2,0,0,0.315432369,0.1506,0.70395396,0.25390786,0.1544
366,25,2W-FRI-100%,2,3,1,0,0,0.312752138,0.1499,0.700924408,0.254394883,0.32886
238,20,1W-FRI-100%,3,2,2,0,0,0.31974609,0.1518,0.700538146,0.258288855,0.23438
225,20,1W-FRI-100%,2,1,1,0,0,0.320646729,0.152,0.698982544,0.259722949,0.21896
367,25,2W-FRI-100%,2,3,2,0,0,0.310314317,0.1492,0.698690378,0.254292983,0.30546
373,25,2W-FRI-100%,3,2,2,0,0,0.300116147,0.1463,0.68335408,0.257275095,0.18552
226,20,1W-FRI-100%,2,1,2,0,0,0.293404753,0.1444,0.670148957,0.261072694,0.22358
374,25,2W-FRI-100%,3,2,3,0,0,0.289718324,0.1433,0.666414576,0.261308177,0.19036
250,20,2W-FRI-100%,1,3,2,0,0,0.285046851,0.142,0.665209651,0.258972112,0.32908
365,25,2W-FRI-100%,2,2,3,0,0,0.278146373,0.1399,0.660431703,0.257378645,0.28384
237,20,1W-FRI-100%,3,2,1,0,0,0.276256063,0.1393,0.65675796,0.258199355,0.23962
361,25,2W-FRI-100%,2,1,2,0,0,0.273524932,0.1385,0.65153331,0.260048943,0.31066
352,25,2W-FRI-100%,1,1,2,0,0,0.268592883,0.137,0.651458154,0.25651249,0.26498
239,20,1W-FRI-100%,3,2,3,0,0,0.269302582,0.1372,0.648453473,0.258733078,0.31376
372,25,2W-FRI-100%,3,2,1,0,0,0.26804527,0.1368,0.648447379,0.258077511,0.20518
249,20,2W-FRI-100%,1,3,1,0,0,0.269500367,0.1373,0.647703977,0.259643739,0.34888
353,25,2W-FRI-100%,1,1,3,0,0,0.267014703,0.1365,0.644890564,0.25975873,0.27672
251,20,2W-FRI-100%,1,3,3,0,0,0.264121343,0.1356,0.643246433,0.2587138,0.33192
351,25,2W-FRI-100%,1,1,1,0,0,0.253807008,0.1324,0.632784961,0.257965296,0.29056
364,25,2W-FRI-100%,2,2,2,0,0,0.253807008,0.1324,0.632784961,0.257965296,0.29214
377,25,2W-FRI-100%,3,3,3,0,0,0.253807008,0.1324,0.632784961,0.257965296,0.29606
363,25,2W-FRI-100%,2,2,1,0,0,0.24866665,0.1308,0.625593666,0.258895489,0.29406
375,25,2W-FRI-100%,3,3,1,0,0,0.24866665,0.1308,0.625593666,0.258895489,0.29318
376,25,2W-FRI-100%,3,3,2,0,0,0.24866665,0.1308,0.625593666,0.258895489,0.29588
227,20,1W-FRI-100%,2,1,3,0,0,0.244345637,0.1294,0.6173625,0.260965115,0.30834
413,25,4W-FRI-100%,1,3,3,0,0,0.242377467,0.1287,0.61597895,0.260765892,0.30022
362,25,2W-FRI-100%,2,1,3,0,0,0.235333614,0.1264,0.60782688,0.260600291,0.31164
409,25,4W-FRI-100%,1,2,2,0,0,0.234836776,0.1262,0.607035046,0.260884916,0.24676
360,25,2W-FRI-100%,2,1,1,0,0,0.232870668,0.1256,0.603195549,0.261872987,0.35026
410,25,4W-FRI-100%,1,2,3,0,0,0.2237088,0.1225,0.593658615,0.260851952,0.31864
246,20,2W-FRI-100%,1,2,1,0,0,0.218018657,0.1205,0.589784274,0.258070835,0.37544
407,25,4W-FRI-100%,1,1,3,0,0,0.215725914,0.1197,0.5851491,0.259693065,0.23656
415,25,4W-FRI-100%,2,1,2,0,0,0.211797072,0.1183,0.578599325,0.260958649,0.26354
412,25,4W-FRI-100%,1,3,2,0,0,0.206488722,0.1164,0.571710684,0.261017192,0.30638
371,25,2W-FRI-100%,3,1,3,0,0,0.20613336,0.1163,0.568589553,0.263166584,0.39272
258,20,2W-FRI-100%,2,3,1,0,0,0.196316123,0.1127,0.566578572,0.253780405,0.333
411,25,4W-FRI-100%,1,3,1,0,0,0.19598591,0.1126,0.560741827,0.258542902,0.30524
383,25,3W-FRI-100%,1,2,3,0,0,0.196567665,0.1128,0.559931508,0.259925873,0.14186
218,20,1W-FRI-100%,1,1,3,0,0,0.19553123,0.1124,0.557130295,0.260541566,0.1925
300,20,4W-FRI-100%,1,2,1,0,0,0.202164008,0.1148,0.555114415,0.271011781,0.35106
243,20,2W-FRI-100%,1,1,1,0,0,0.19062851,0.1105,0.551410912,0.26003545,0.3136
256,20,2W-FRI-100%,2,2,2,0,0,0.19062851,0.1105,0.551410912,0.26003545,0.3093
269,20,2W-FRI-100%,3,3,3,0,0,0.19062851,0.1105,0.551410912,0.26003545,0.30534
304,20,4W-FRI-100%,1,3,2,0,0,0.196968627,0.1129,0.551178182,0.268579285,0.42578
382,25,3W-FRI-100%,1,2,2,0,0,0.186308008,0.1089,0.54614164,0.25971603,0.1793
385,25,3W-FRI-100%,1,3,2,0,0,0.183827977,0.1079,0.545259389,0.257394313,0.22808
416,25,4W-FRI-100%,2,1,3,0,0,0.186966916,0.1091,0.544368424,0.262205068,0.289
369,25,2W-FRI-100%,3,1,1,0,0,0.187550238,0.1094,0.544009247,0.263132361,0.39568
260,20,2W-FRI-100%,2,3,3,0,0,0.180951987,0.1068,0.540154565,0.258016456,0.29658
408,25,4W-FRI-100%,1,2,1,0,0,0.179663918,0.1063,0.535342957,0.261169035,0.22522
234,20,1W-FRI-100%,3,1,1,0,0,0.176352085,0.105,0.534465158,0.256937003,0.2421
235,20,1W-FRI-100%,3,1,2,0,0,0.176646758,0.1051,0.534180501,0.257596961,0.2314
257,20,2W-FRI-100%,2,2,3,0,0,0.176761779,0.1052,0.53080224,0.261200308,0.30646
414,25,4W-FRI-100%,2,1,1,0,0,0.173976144,0.1041,0.526445746,0.261816621,0.28612
259,20,2W-FRI-100%,2,3,2,0,0,0.169274684,0.1022,0.525552696,0.255726564,0.33834
45,10,2W-FRI-100%,3,1,1,0,0,0.185918345,0.1087,0.521920575,0.283454148,0.27216
46,10,2W-FRI-100%,3,1,2,0,0,0.185563843,0.1086,0.521467302,0.283454893,0.27526
255,20,2W-FRI-100%,2,2,1,0,0,0.16770347,0.1015,0.520329868,0.258502753,0.35618
267,20,2W-FRI-100%,3,3,1,0,0,0.16770347,0.1015,0.520329868,0.258502753,0.36188
268,20,2W-FRI-100%,3,3,2,0,0,0.16770347,0.1015,0.520329868,0.258502753,0.35846
236,20,1W-FRI-100%,3,1,3,0,0,0.168030063,0.1017,0.518877562,0.260283012,0.27
386,25,3W-FRI-100%,1,3,3,0,0,0.164358331,0.1002,0.517196426,0.256925595,0.22836
247,20,2W-FRI-100%,1,2,2,0,0,0.163601807,0.0999,0.515123035,0.25755008,0.38902
370,25,2W-FRI-100%,3,1,2,0,0,0.166720294,0.1011,0.514371877,0.263232408,0.48908
110,15,1W-FRI-100%,1,1,3,0,0,0.179068588,0.1061,0.512971069,0.283456817,0.35034
297,20,4W-FRI-100%,1,1,1,0,0,0.170573412,0.1027,0.511458827,0.272434305,0.33992
310,20,4W-FRI-100%,2,2,2,0,0,0.170573412,0.1027,0.511458827,0.272434305,0.33704
323,20,4W-FRI-100%,3,3,3,0,0,0.170573412,0.1027,0.511458827,0.272434305,0.33906
248,20,2W-FRI-100%,1,2,3,0,0,0.162856582,0.0996,0.511318391,0.260258709,0.3825
108,15,1W-FRI-100%,1,1,1,0,0,0.174550339,0.1043,0.510901255,0.278722161,0.34544
121,15,1W-FRI-100%,2,2,2,0,0,0.174550339,0.1043,0.510901255,0.278722161,0.34084
134,15,1W-FRI-100%,3,3,3,0,0,0.174550339,0.1043,0.510901255,0.278722161,0.3496
422,25,4W-FRI-100%,2,3,3,0,0,0.16210719,0.0992,0.510478574,0.260372623,0.30524
47,10,2W-FRI-100%,3,1,3,0,0,0.175451464,0.1047,0.508464221,0.28326868,0.28604
303,20,4W-FRI-100%,1,3,1,0,0,0.16618283,0.1009,0.508341935,0.269393015,0.5014
122,15,1W-FRI-100%,2,2,3,0,0,0.1692837,0.1022,0.503543018,0.278940481,0.35082
417,25,4W-FRI-100%,2,2,1,0,0,0.157354885,0.0973,0.499846565,0.263986416,0.29794
429,25,4W-FRI-100%,3,3,1,0,0,0.157354885,0.0973,0.499846565,0.263986416,0.29974
430,25,4W-FRI-100%,3,3,2,0,0,0.157354885,0.0973,0.499846565,0.263986416,0.30166
109,15,1W-FRI-100%,1,1,2,0,0,0.166189627,0.1009,0.49945693,0.278694319,0.37496
244,20,2W-FRI-100%,1,1,2,0,0,0.154838249,0.0962,0.49908969,0.26020576,0.3071
132,15,1W-FRI-100%,3,3,1,0,0,0.165477145,0.1006,0.49859738,0.278524628,0.33986
120,15,1W-FRI-100%,2,2,1,0,0,0.165418566,0.1006,0.498515322,0.27852486,0.34086
133,15,1W-FRI-100%,3,3,2,0,0,0.165418566,0.1006,0.498515322,0.27852486,0.34058
428,25,4W-FRI-100%,3,2,3,0,0,0.154356765,0.096,0.496081761,0.263035117,0.266
406,25,4W-FRI-100%,1,1,2,0,0,0.152341819,0.0951,0.494121011,0.261743491,0.39416
126,15,1W-FRI-100%,3,1,1,0,0,0.165384741,0.1006,0.492484626,0.286402795,0.32564
421,25,4W-FRI-100%,2,3,2,0,0,0.147407418,0.093,0.488020709,0.259865659,0.32508
112,15,1W-FRI-100%,1,2,2,0,0,0.152660744,0.0953,0.48691404,0.270893648,0.2152
312,20,4W-FRI-100%,2,3,1,0,0,0.149240658,0.0938,0.486187631,0.265350634,0.3794
419,25,4W-FRI-100%,2,2,3,0,0,0.146442256,0.0926,0.484709309,0.261834702,0.40968
128,15,1W-FRI-100%,3,1,3,0,0,0.158662728,0.0978,0.483399893,0.286169491,0.33262
301,20,4W-FRI-100%,1,2,2,0,0,0.149515394,0.0939,0.483086507,0.269782792,0.41808
127,15,1W-FRI-100%,3,1,2,0,0,0.158437134,0.0977,0.483016128,0.286271204,0.32652
420,25,4W-FRI-100%,2,3,1,0,0,0.141989539,0.0906,0.479218141,0.259871651,0.32204
305,20,4W-FRI-100%,1,3,3,0,0,0.143830184,0.0914,0.476488516,0.267096286,0.42566
311,20,4W-FRI-100%,2,2,3,0,0,0.146019453,0.0924,0.473887632,0.274529495,0.3751
384,25,3W-FRI-100%,1,3,1,0,0,0.134143108,0.0871,0.467828966,0.257631803,0.35042
427,25,4W-FRI-100%,3,2,2,0,0,0.13598149,0.0879,0.467727327,0.261668174,0.27338
426,25,4W-FRI-100%,3,2,1,0,0,0.130743981,0.0855,0.458561967,0.26204979,0.28932
131,15,1W-FRI-100%,3,2,3,0,0,0.139995636,0.0897,0.458000747,0.283432084,0.30762
130,15,1W-FRI-100%,3,2,2,0,0,0.136922207,0.0883,0.453362908,0.283342093,0.30356
114,15,1W-FRI-100%,1,3,1,0,0,0.129217589,0.0848,0.450088008,0.270484137,0.26712
302,20,4W-FRI-100%,1,2,3,0,0,0.128180621,0.0843,0.449425259,0.2691167,0.4174
299,20,4W-FRI-100%,1,1,3,0,0,0.129558933,0.0849,0.448659907,0.273295493,0.29688
129,15,1W-FRI-100%,3,2,1,0,0,0.133218542,0.0866,0.447675227,0.28325584,0.29448
314,20,4W-FRI-100%,2,3,3,0,0,0.127155045,0.0838,0.447634348,0.269035798,0.39702
309,20,4W-FRI-100%,2,2,1,0,0,0.126415414,0.0835,0.446286989,0.268936681,0.4767
321,20,4W-FRI-100%,3,3,1,0,0,0.126415414,0.0835,0.446286989,0.268936681,0.47718
322,20,4W-FRI-100%,3,3,2,0,0,0.126415414,0.0835,0.446286989,0.268936681,0.48
395,25,3W-FRI-100%,2,3,3,0,0,0.120390867,0.0806,0.44521203,0.255492282,0.1727
381,25,3W-FRI-100%,1,2,1,0,0,0.121253472,0.081,0.444010522,0.259221898,0.2072
405,25,4W-FRI-100%,1,1,1,0,0,0.121394501,0.0811,0.442153041,0.26230455,0.41246
418,25,4W-FRI-100%,2,2,2,0,0,0.121394501,0.0811,0.442153041,0.26230455,0.41148
431,25,4W-FRI-100%,3,3,3,0,0,0.121394501,0.0811,0.442153041,0.26230455,0.4103
264,20,2W-FRI-100%,3,2,1,0,0,0.119960131,0.0804,0.44030077,0.260788214,0.50964
265,20,2W-FRI-100%,3,2,2,0,0,0.119960131,0.0804,0.44030077,0.260788214,0.50658
313,20,4W-FRI-100%,2,3,2,0,0,0.122170486,0.0814,0.439546237,0.268389646,0.40174
111,15,1W-FRI-100%,1,2,1,0,0,0.12208299,0.0814,0.438159516,0.27027575,0.27192
245,20,2W-FRI-100%,1,1,3,0,0,0.118682271,0.0797,0.436531582,0.263081891,0.32594
119,15,1W-FRI-100%,2,1,3,0,0,0.125619754,0.0831,0.434463176,0.285408829,0.33638
118,15,1W-FRI-100%,2,1,2,0,0,0.123491069,0.0821,0.431280216,0.284915508,0.33218
298,20,4W-FRI-100%,1,1,2,0,0,0.118887275,0.0798,0.430649309,0.273394351,0.37322
38,10,2W-FRI-100%,2,1,3,0,0,0.117512861,0.0792,0.426219112,0.276159007,0.31096
266,20,2W-FRI-100%,3,2,3,0,0,0.111881666,0.0764,0.42548113,0.260837591,0.50366
115,15,1W-FRI-100%,1,3,2,0,0,0.10893122,0.0749,0.415011027,0.270057695,0.3354
113,15,1W-FRI-100%,1,2,3,0,0,0.107662937,0.0743,0.412470465,0.270463787,0.38272
378,25,3W-FRI-100%,1,1,1,0,0,0.103855271,0.0723,0.410642136,0.260568103,0.28958
391,25,3W-FRI-100%,2,2,2,0,0,0.103855271,0.0723,0.410642136,0.260568103,0.28674
404,25,3W-FRI-100%,3,3,3,0,0,0.103855271,0.0723,0.410642136,0.260568103,0.29058
72,10,3W-FRI-100%,3,1,1,0,0,0.111405342,0.0761,0.40912219,0.290680834,0.30736
77,10,3W-FRI-100%,3,2,3,0,0,0.107899283,0.0744,0.403772958,0.289167992,0.19618
380,25,3W-FRI-100%,1,1,3,0,0,0.098572022,0.0695,0.401152318,0.258958537,0.24414
117,15,1W-FRI-100%,2,1,1,0,0,0.1055175,0.0732,0.400972236,0.28487681,0.38674
425,25,4W-FRI-100%,3,1,3,0,0,0.100845005,0.0707,0.400786445,0.268778756,0.596
37,10,2W-FRI-100%,2,1,2,0,0,0.10273236,0.0717,0.400322365,0.275406423,0.34768
73,10,3W-FRI-100%,3,1,2,0,0,0.105572856,0.0732,0.399298063,0.290447567,0.29564
50,10,2W-FRI-100%,3,2,3,0,0,0.100728298,0.0707,0.396957815,0.2746624,0.22702
116,15,1W-FRI-100%,1,3,3,0,0,0.098779603,0.0696,0.395840479,0.270438118,0.35114
320,20,4W-FRI-100%,3,2,3,0,0,0.098422864,0.0694,0.394068712,0.272387925,0.57136
423,25,4W-FRI-100%,3,1,1,0,0,0.096082854,0.0682,0.391926195,0.268066497,0.56832
424,25,4W-FRI-100%,3,1,2,0,0,0.096082854,0.0682,0.391926195,0.268066497,0.56798
318,20,4W-FRI-100%,3,2,1,0,0,0.095923039,0.0681,0.389364425,0.272188376,0.5687
319,20,4W-FRI-100%,3,2,2,0,0,0.095923039,0.0681,0.389364425,0.272188376,0.56774
36,10,2W-FRI-100%,2,1,1,0,0,0.095589305,0.0679,0.387139184,0.274866561,0.30674
379,25,3W-FRI-100%,1,1,2,0,0,0.091673533,0.0658,0.386742559,0.259657732,0.2892
125,15,1W-FRI-100%,2,3,3,0,0,0.093975031,0.0671,0.386565784,0.270387683,0.38192
392,25,3W-FRI-100%,2,2,3,0,0,0.089816811,0.0648,0.38267619,0.260101304,0.2928
32,10,2W-FRI-100%,1,2,3,0,0,0.08937398,0.0645,0.381643187,0.260570549,0.40392
64,10,3W-FRI-100%,2,1,2,0,0,0.093324474,0.0667,0.377793559,0.289480572,0.24284
63,10,3W-FRI-100%,2,1,1,0,0,0.091273889,0.0656,0.373813251,0.290131338,0.27874
31,10,2W-FRI-100%,1,2,2,0,0,0.085400225,0.0623,0.373346616,0.260408548,0.4033
75,10,3W-FRI-100%,3,2,1,0,0,0.088650416,0.0641,0.372920837,0.277759038,0.25322
30,10,2W-FRI-100%,1,2,1,0,0,0.082051167,0.0604,0.366291895,0.260056434,0.41636
76,10,3W-FRI-100%,3,2,2,0,0,0.083907099,0.0615,0.363571918,0.277513257,0.2413
74,10,3W-FRI-100%,3,1,3,0,0,0.084912818,0.062,0.362450844,0.288147886,0.28642
181,15,3W-FRI-100%,3,1,2,0,0,0.084398612,0.0617,0.360817491,0.291051942,0.30456
182,15,3W-FRI-100%,3,1,3,0,0,0.084398612,0.0617,0.360817491,0.291051942,0.30396
66,10,3W-FRI-100%,2,2,1,0,0,0.082414234,0.0606,0.360649607,0.277005862,0.30406
78,10,3W-FRI-100%,3,3,1,0,0,0.082414234,0.0606,0.360649607,0.277005862,0.30668
79,10,3W-FRI-100%,3,3,2,0,0,0.082414234,0.0606,0.360649607,0.277005862,0.30164
390,25,3W-FRI-100%,2,2,1,0,0,0.079172009,0.0587,0.358782492,0.263021231,0.29924
402,25,3W-FRI-100%,3,3,1,0,0,0.079172009,0.0587,0.358782492,0.263021231,0.30098
403,25,3W-FRI-100%,3,3,2,0,0,0.079172009,0.0587,0.358782492,0.263021231,0.30092
124,15,1W-FRI-100%,2,3,2,0,0,0.079620818,0.059,0.357515382,0.269796885,0.37182
54,10,3W-FRI-100%,1,1,1,0,0,0.077825376,0.058,0.351265376,0.27675927,0.29184
67,10,3W-FRI-100%,2,2,2,0,0,0.077825376,0.058,0.351265376,0.27675927,0.29108
80,10,3W-FRI-100%,3,3,3,0,0,0.077825376,0.058,0.351265376,0.27675927,0.28974
65,10,3W-FRI-100%,2,1,3,0,0,0.079048521,0.0587,0.350703547,0.288703273,0.25244
49,10,2W-FRI-100%,3,2,2,0,0,0.076088704,0.0569,0.350674445,0.265683917,0.3471
123,15,1W-FRI-100%,2,3,1,0,0,0.075933172,0.0568,0.349638454,0.269712511,0.37648
293,20,3W-FRI-100%,3,2,3,0,0,0.072873191,0.055,0.344775042,0.262761585,0.41062
394,25,3W-FRI-100%,2,3,2,0,0,0.071618969,0.0543,0.343947667,0.256998003,0.24246
308,20,4W-FRI-100%,2,1,3,0,0,0.073458488,0.0554,0.343714593,0.27182711,0.54088
252,20,2W-FRI-100%,2,1,1,0,0,0.070706352,0.0537,0.34000646,0.26208503,0.51516
172,15,3W-FRI-100%,2,1,2,0,0,0.073213221,0.0552,0.339060301,0.288264696,0.29424
306,20,4W-FRI-100%,2,1,1,0,0,0.071268712,0.0541,0.33896446,0.271626872,0.54406
307,20,4W-FRI-100%,2,1,2,0,0,0.071268712,0.0541,0.33896446,0.271626872,0.53912
56,10,3W-FRI-100%,1,1,3,0,0,0.071715355,0.0543,0.338310304,0.276623049,0.25548
277,20,3W-FRI-100%,1,3,2,0,0,0.069066754,0.0527,0.33687159,0.260393938,0.26678
393,25,3W-FRI-100%,2,3,1,0,0,0.068431366,0.0523,0.336349999,0.257344863,0.2719
180,15,3W-FRI-100%,3,1,1,0,0,0.070833588,0.0538,0.33386072,0.290910395,0.35108
253,20,2W-FRI-100%,2,1,2,0,0,0.067668232,0.0519,0.332905063,0.262324919,0.5101
48,10,2W-FRI-100%,3,2,1,0,0,0.06792322,0.052,0.33233299,0.265623039,0.41244
173,15,3W-FRI-100%,2,1,3,0,0,0.070099926,0.0533,0.33226063,0.290551459,0.27632
39,10,2W-FRI-100%,2,2,1,0,0,0.064523192,0.0499,0.326243708,0.260315495,0.40582
51,10,2W-FRI-100%,3,3,1,0,0,0.064523192,0.0499,0.326243708,0.260315495,0.40386
52,10,2W-FRI-100%,3,3,2,0,0,0.064523192,0.0499,0.326243708,0.260315495,0.4052
27,10,2W-FRI-100%,1,1,1,0,0,0.06437729,0.0498,0.325893785,0.26031586,0.41456
40,10,2W-FRI-100%,2,2,2,0,0,0.06437729,0.0498,0.325893785,0.26031586,0.4108
41,10,2W-FRI-100%,2,2,3,0,0,0.06437729,0.0498,0.325893785,0.26031586,0.414
53,10,2W-FRI-100%,3,3,3,0,0,0.06437729,0.0498,0.325893785,0.26031586,0.41172
185,15,3W-FRI-100%,3,2,3,0,0,0.065591731,0.0506,0.323091225,0.287922493,0.29598
29,10,2W-FRI-100%,1,1,3,0,0,0.063068158,0.049,0.3223806,0.261795095,0.39822
28,10,2W-FRI-100%,1,1,2,0,0,0.062981733,0.0489,0.322362225,0.261034164,0.4857
68,10,3W-FRI-100%,2,2,3,0,0,0.064374617,0.0498,0.322147183,0.276333345,0.2923
176,15,3W-FRI-100%,2,2,3,0,0,0.063660265,0.0494,0.320129311,0.280133807,0.53354
55,10,3W-FRI-100%,1,1,2,0,0,0.063330788,0.0491,0.31978084,0.276334226,0.29788
292,20,3W-FRI-100%,3,2,2,0,0,0.061701935,0.0481,0.318736788,0.262482451,0.41936
69,10,3W-FRI-100%,2,3,1,0,0,0.059762476,0.0469,0.314420048,0.261004558,0.48304
162,15,3W-FRI-100%,1,1,1,0,0,0.06033795,0.0472,0.312660107,0.279765397,0.53788
175,15,3W-FRI-100%,2,2,2,0,0,0.06033795,0.0472,0.312660107,0.279765397,0.53788
188,15,3W-FRI-100%,3,3,3,0,0,0.06033795,0.0472,0.312660107,0.279765397,0.54252
141,15,2W-FRI-100%,1,3,1,0,0,0.060073592,0.0471,0.311911397,0.284068888,0.34548
171,15,3W-FRI-100%,2,1,1,0,0,0.06045848,0.0473,0.311834405,0.288120989,0.33682
57,10,3W-FRI-100%,1,2,1,0,0,0.05725051,0.0452,0.308475789,0.259357512,0.5354
388,25,3W-FRI-100%,2,1,2,0,0,0.056688664,0.0449,0.306693647,0.261741508,0.33628
139,15,2W-FRI-100%,1,2,2,0,0,0.057065497,0.0451,0.305141787,0.28307387,0.34852
70,10,3W-FRI-100%,2,3,2,0,0,0.055734664,0.0443,0.304434758,0.260742104,0.46452
400,25,3W-FRI-100%,3,2,2,0,0,0.054766539,0.0436,0.301811085,0.261938863,0.33412
276,20,3W-FRI-100%,1,3,1,0,0,0.052796632,0.0423,0.297078133,0.259892379,0.29954
42,10,2W-FRI-100%,2,3,1,0,0,0.052546246,0.0421,0.296602415,0.259545912,0.55686
43,10,2W-FRI-100%,2,3,2,0,0,0.052546246,0.0421,0.296602415,0.259545912,0.5634
291,20,3W-FRI-100%,3,2,1,0,0,0.052518309,0.0421,0.295911916,0.262350182,0.43928
183,15,3W-FRI-100%,3,2,1,0,0,0.053389099,0.0427,0.295825683,0.287778101,0.33554
184,15,3W-FRI-100%,3,2,2,0,0,0.053389099,0.0427,0.295825683,0.287778101,0.3393
287,20,3W-FRI-100%,2,3,3,0,0,0.051486396,0.0414,0.293393403,0.261227218,0.33834
163,15,3W-FRI-100%,1,1,2,0,0,0.051264015,0.0413,0.291310563,0.279712143,0.53142
254,20,2W-FRI-100%,2,1,3,0,0,0.050487674,0.0407,0.290657572,0.262133475,0.51472
71,10,3W-FRI-100%,2,3,3,0,0,0.04971493,0.0402,0.288637202,0.26346477,0.45878
273,20,3W-FRI-100%,1,2,1,0,0,0.049576593,0.0401,0.288167081,0.263192252,0.30636
44,10,2W-FRI-100%,2,3,3,0,0,0.048895053,0.0397,0.286910319,0.260528508,0.57776
138,15,2W-FRI-100%,1,2,1,0,0,0.048783967,0.0396,0.285531895,0.283233604,0.4153
270,20,3W-FRI-100%,1,1,1,0,0,0.04703152,0.0384,0.281788484,0.260764778,0.36654
283,20,3W-FRI-100%,2,2,2,0,0,0.04703152,0.0384,0.281788484,0.260764778,0.3697
296,20,3W-FRI-100%,3,3,3,0,0,0.04703152,0.0384,0.281788484,0.260764778,0.37134
83,10,4W-FRI-100%,1,1,3,0,0,0.047207845,0.0385,0.281570757,0.286406593,0.20864
186,15,3W-FRI-100%,3,3,1,0,0,0.046371401,0.0379,0.279270129,0.27957857,0.6287
174,15,3W-FRI-100%,2,2,1,0,0,0.046299747,0.0379,0.279090745,0.279579049,0.6348
187,15,3W-FRI-100%,3,3,2,0,0,0.046299747,0.0379,0.279090745,0.279579049,0.63524
398,25,3W-FRI-100%,3,1,3,0,0,0.04588703,0.0376,0.278487992,0.265947897,0.35942
401,25,3W-FRI-100%,3,2,3,0,0,0.044114208,0.0363,0.273923794,0.262214638,0.3775
286,20,3W-FRI-100%,2,3,2,0,0,0.043961184,0.0362,0.27358367,0.258650845,0.35902
397,25,3W-FRI-100%,3,1,2,0,0,0.043919919,0.0362,0.273260681,0.265971016,0.35892
284,20,3W-FRI-100%,2,2,3,0,0,0.043635504,0.036,0.272639353,0.260131954,0.40188
164,15,3W-FRI-100%,1,1,3,0,0,0.043179803,0.0357,0.271183378,0.279430725,0.616
278,20,3W-FRI-100%,1,3,3,0,0,0.041843842,0.0347,0.267791071,0.259548119,0.27582
58,10,3W-FRI-100%,1,2,2,0,0,0.041092753,0.0342,0.265651838,0.259380977,0.51118
285,20,3W-FRI-100%,2,3,1,0,0,0.039775071,0.0332,0.261919691,0.258140996,0.36858
34,10,2W-FRI-100%,1,3,2,0,0,0.037552289,0.0316,0.256089382,0.264769541,0.58136
142,15,2W-FRI-100%,1,3,2,0,0,0.035412811,0.03,0.251517266,0.283345248,0.46174
33,10,2W-FRI-100%,1,3,1,0,0,0.035098191,0.0298,0.249061476,0.263701674,0.5783
152,15,2W-FRI-100%,2,3,3,0,0,0.0343516,0.0292,0.248915819,0.28506139,0.46322
150,15,2W-FRI-100%,2,3,1,0,0,0.033020305,0.0282,0.245314842,0.28484938,0.45638
151,15,2W-FRI-100%,2,3,2,0,0,0.033020305,0.0282,0.245314842,0.28484938,0.4557
140,15,2W-FRI-100%,1,2,3,0,0,0.033081531,0.0283,0.245184769,0.282814316,0.5325
143,15,2W-FRI-100%,1,3,3,0,0,0.032905032,0.0281,0.24483989,0.283813288,0.4688
35,10,2W-FRI-100%,1,3,3,0,0,0.032881495,0.0281,0.243048101,0.267691571,0.59682
387,25,3W-FRI-100%,2,1,1,0,0,0.031465714,0.027,0.238165667,0.262927347,0.40384
99,10,4W-FRI-100%,3,1,1,0,0,0.030511094,0.0263,0.237652888,0.279229587,0.26484
389,25,3W-FRI-100%,2,1,3,0,0,0.031181084,0.0268,0.237181535,0.261360571,0.37912
100,10,4W-FRI-100%,3,1,2,0,0,0.030198774,0.0261,0.236776384,0.279231153,0.26626
399,25,3W-FRI-100%,3,2,1,0,0,0.03082615,0.0266,0.236307063,0.263304519,0.38892
282,20,3W-FRI-100%,2,2,1,0,0,0.030859958,0.0266,0.236026182,0.260221375,0.44086
294,20,3W-FRI-100%,3,3,1,0,0,0.030859958,0.0266,0.236026182,0.260221375,0.44078
295,20,3W-FRI-100%,3,3,2,0,0,0.030859958,0.0266,0.236026182,0.260221375,0.44208
104,10,4W-FRI-100%,3,2,3,0,0,0.02986755,0.0258,0.235144804,0.274912333,0.20544
179,15,3W-FRI-100%,2,3,3,0,0,0.029744489,0.0257,0.235032587,0.278578352,0.6296
93,10,4W-FRI-100%,2,2,1,0,0,0.029084563,0.0252,0.234548547,0.285802077,0.34698
105,10,4W-FRI-100%,3,3,1,0,0,0.029084563,0.0252,0.234548547,0.285802077,0.34956
106,10,4W-FRI-100%,3,3,2,0,0,0.029084563,0.0252,0.234548547,0.285802077,0.34786
81,10,4W-FRI-100%,1,1,1,0,0,0.028935024,0.0251,0.234134333,0.285802644,0.35766
94,10,4W-FRI-100%,2,2,2,0,0,0.028935024,0.0251,0.234134333,0.285802644,0.3557
95,10,4W-FRI-100%,2,2,3,0,0,0.028935024,0.0251,0.234134333,0.285802644,0.35492
107,10,4W-FRI-100%,3,3,3,0,0,0.028935024,0.0251,0.234134333,0.285802644,0.35768
101,10,4W-FRI-100%,3,1,3,0,0,0.029227089,0.0253,0.234034941,0.279227855,0.27902
82,10,4W-FRI-100%,1,1,2,0,0,0.027972567,0.0243,0.231455826,0.28579943,0.37002
396,25,3W-FRI-100%,3,1,1,0,0,0.027018753,0.0236,0.225179601,0.265585613,0.42152
274,20,3W-FRI-100%,1,2,2,0,0,0.026570213,0.0232,0.22304733,0.261189268,0.38738
166,15,3W-FRI-100%,1,2,2,0,0,0.025377282,0.0223,0.222625488,0.279417334,0.53222
168,15,3W-FRI-100%,1,3,1,0,0,0.025477206,0.0224,0.22216048,0.275684976,0.376
59,10,3W-FRI-100%,1,2,3,0,0,0.026312769,0.023,0.222039799,0.259308223,0.5168
102,10,4W-FRI-100%,3,2,1,0,0,0.024966756,0.022,0.22074218,0.274351914,0.30988
103,10,4W-FRI-100%,3,2,2,0,0,0.024966756,0.022,0.22074218,0.274351914,0.30782
170,15,3W-FRI-100%,1,3,3,0,0,0.023647631,0.0209,0.21688714,0.27641359,0.36392
198,15,4W-FRI-100%,2,1,1,0,0,0.021661081,0.0193,0.216185277,0.296368427,0.55506
199,15,4W-FRI-100%,2,1,2,0,0,0.021661081,0.0193,0.216185277,0.296368427,0.5584
200,15,4W-FRI-100%,2,1,3,0,0,0.021661081,0.0193,0.216185277,0.296368427,0.55672
317,20,4W-FRI-100%,3,1,3,0,0,0.023119544,0.0205,0.215732093,0.276876765,0.61888
60,10,3W-FRI-100%,1,3,1,0,0,0.023351099,0.0207,0.213912688,0.264777247,0.47184
207,15,4W-FRI-100%,3,1,1,0,0,0.020592015,0.0184,0.21366692,0.298049873,0.58228
208,15,4W-FRI-100%,3,1,2,0,0,0.020592015,0.0184,0.21366692,0.298049873,0.5852
209,15,4W-FRI-100%,3,1,3,0,0,0.020592015,0.0184,0.21366692,0.298049873,0.58102
92,10,4W-FRI-100%,2,1,3,0,0,0.022213631,0.0197,0.21346527,0.278458477,0.26124
169,15,3W-FRI-100%,1,3,2,0,0,0.022298582,0.0198,0.212609329,0.275435705,0.35998
271,20,3W-FRI-100%,1,1,2,0,0,0.022621749,0.0201,0.210278876,0.258866425,0.40586
177,15,3W-FRI-100%,2,3,1,0,0,0.020138673,0.018,0.20681226,0.278426014,0.67698
178,15,3W-FRI-100%,2,3,2,0,0,0.020138673,0.018,0.20681226,0.278426014,0.67862
263,20,2W-FRI-100%,3,1,3,0,0,0.020710117,0.0185,0.205043189,0.263726053,0.5025
61,10,3W-FRI-100%,1,3,2,0,0,0.020225135,0.0181,0.203967995,0.264517511,0.45472
280,20,3W-FRI-100%,2,1,2,0,0,0.019461475,0.0175,0.201011844,0.262444214,0.36274
62,10,3W-FRI-100%,1,3,3,0,0,0.018609612,0.0168,0.199019919,0.26559371,0.46116
272,20,3W-FRI-100%,1,1,3,0,0,0.018852995,0.017,0.197832557,0.258260288,0.40724
165,15,3W-FRI-100%,1,2,1,0,0,0.017048186,0.0155,0.197449842,0.279131571,0.63932
90,10,4W-FRI-100%,2,1,1,0,0,0.015480021,0.0141,0.192350648,0.277196399,0.29616
98,10,4W-FRI-100%,2,3,3,0,0,0.014629495,0.0134,0.192229473,0.286068657,0.35978
91,10,4W-FRI-100%,2,1,2,0,0,0.015345901,0.014,0.191923665,0.277196961,0.30302
275,20,3W-FRI-100%,1,2,3,0,0,0.016932005,0.0154,0.191902532,0.260061708,0.38412
137,15,2W-FRI-100%,1,1,3,0,0,0.012906293,0.0119,0.187461343,0.287454519,0.57254
86,10,4W-FRI-100%,1,2,3,0,0,0.012792196,0.0118,0.185723171,0.283934401,0.46608
167,15,3W-FRI-100%,1,2,3,0,0,0.012933326,0.0119,0.184260976,0.278762472,0.53276
147,15,2W-FRI-100%,2,2,1,0,0,0.009993386,0.0093,0.178207054,0.287422785,0.57082
159,15,2W-FRI-100%,3,3,1,0,0,0.009993386,0.0093,0.178207054,0.287422785,0.5654
160,15,2W-FRI-100%,3,3,2,0,0,0.009993386,0.0093,0.178207054,0.287422785,0.56778
135,15,2W-FRI-100%,1,1,1,0,0,0.009895016,0.0092,0.177890369,0.287423074,0.57478
136,15,2W-FRI-100%,1,1,2,0,0,0.009895016,0.0092,0.177890369,0.287423074,0.57502
148,15,2W-FRI-100%,2,2,2,0,0,0.009895016,0.0092,0.177890369,0.287423074,0.57524
149,15,2W-FRI-100%,2,2,3,0,0,0.009895016,0.0092,0.177890369,0.287423074,0.57334
161,15,2W-FRI-100%,3,3,3,0,0,0.009895016,0.0092,0.177890369,0.287423074,0.57252
96,10,4W-FRI-100%,2,3,1,0,0,0.007141924,0.0067,0.16695507,0.283003646,0.46258
97,10,4W-FRI-100%,2,3,2,0,0,0.007141924,0.0067,0.16695507,0.283003646,0.46508
315,20,4W-FRI-100%,3,1,1,0,0,0.007475378,0.007,0.165344373,0.27589189,0.6642
316,20,4W-FRI-100%,3,1,2,0,0,0.007475378,0.007,0.165344373,0.27589189,0.67194
84,10,4W-FRI-100%,1,2,1,0,0,0.00662899,0.0063,0.165097039,0.282745144,0.46186
279,20,3W-FRI-100%,2,1,1,0,0,0.007795029,0.0073,0.161174836,0.26253749,0.39614
262,20,2W-FRI-100%,3,1,2,0,0,0.007512998,0.0071,0.160041541,0.262968269,0.56074
261,20,2W-FRI-100%,3,1,1,0,0,0.006923697,0.0065,0.157815321,0.26271112,0.55568
281,20,3W-FRI-100%,2,1,3,0,0,0.006487248,0.0061,0.156163691,0.261845286,0.36442
85,10,4W-FRI-100%,1,2,2,0,0,0.003571179,0.0034,0.154921633,0.283366638,0.46578
211,15,4W-FRI-100%,3,2,2,0,0,-0.003904272,-0.0039,0.130582601,0.287532959,0.6436
212,15,4W-FRI-100%,3,2,3,0,0,-0.003904272,-0.0039,0.130582601,0.287532959,0.64846
210,15,4W-FRI-100%,3,2,1,0,0,-0.004582888,-0.0045,0.1280387,0.287450255,0.66534
201,15,4W-FRI-100%,2,2,1,0,0,-0.005127284,-0.0051,0.123401028,0.282734903,0.66142
213,15,4W-FRI-100%,3,3,1,0,0,-0.005127284,-0.0051,0.123401028,0.282734903,0.66328
214,15,4W-FRI-100%,3,3,2,0,0,-0.005127284,-0.0051,0.123401028,0.282734903,0.66414
189,15,4W-FRI-100%,1,1,1,0,0,-0.005238049,-0.0052,0.122982564,0.282735423,0.67166
190,15,4W-FRI-100%,1,1,2,0,0,-0.005238049,-0.0052,0.122982564,0.282735423,0.67002
202,15,4W-FRI-100%,2,2,2,0,0,-0.005238049,-0.0052,0.122982564,0.282735423,0.67172
203,15,4W-FRI-100%,2,2,3,0,0,-0.005238049,-0.0052,0.122982564,0.282735423,0.67208
215,15,4W-FRI-100%,3,3,3,0,0,-0.005238049,-0.0052,0.122982564,0.282735423,0.67104
192,15,4W-FRI-100%,1,2,1,0,0,-0.01128538,-0.0116,0.096341414,0.278183658,0.63374
204,15,4W-FRI-100%,2,3,1,0,0,-0.013312973,-0.0138,0.090419636,0.281753928,0.75162
205,15,4W-FRI-100%,2,3,2,0,0,-0.013312973,-0.0138,0.090419636,0.281753928,0.75616
206,15,4W-FRI-100%,2,3,3,0,0,-0.014501402,-0.0151,0.085565659,0.281892145,0.75892
191,15,4W-FRI-100%,1,1,3,0,0,-0.014757261,-0.0154,0.085030925,0.282641667,0.76116
290,20,3W-FRI-100%,3,1,3,0,0,-0.016014441,-0.0168,0.07124543,0.270986055,0.45268
289,20,3W-FRI-100%,3,1,2,0,0,-0.019375307,-0.0207,0.052706698,0.266908857,0.44708
157,15,2W-FRI-100%,3,2,2,0,0,-0.025077436,-0.0276,0.044600817,0.289254182,0.65462
158,15,2W-FRI-100%,3,2,3,0,0,-0.025077436,-0.0276,0.044600817,0.289254182,0.64998
145,15,2W-FRI-100%,2,1,2,0,0,-0.025962135,-0.0287,0.041882793,0.290907223,0.70842
156,15,2W-FRI-100%,3,2,1,0,0,-0.025654527,-0.0283,0.041851223,0.289181063,0.66772
146,15,2W-FRI-100%,2,1,3,0,0,-0.02657424,-0.0294,0.039059813,0.290959079,0.72012
153,15,2W-FRI-100%,3,1,1,0,0,-0.02732948,-0.0304,0.036964376,0.292643781,0.82314
193,15,4W-FRI-100%,1,2,2,0,0,-0.027055596,-0.0301,0.02525008,0.277993394,0.8022
194,15,4W-FRI-100%,1,2,3,0,0,-0.027055596,-0.0301,0.02525008,0.277993394,0.80502
288,20,3W-FRI-100%,3,1,1,0,0,-0.027088097,-0.0301,0.013970793,0.266032948,0.474
144,15,2W-FRI-100%,2,1,1,0,0,-0.032175597,-0.0368,0.011807587,0.291069509,0.7763
154,15,2W-FRI-100%,3,1,2,0,0,-0.033796408,-0.0391,0.004643364,0.292233786,0.82548
155,15,2W-FRI-100%,3,1,3,0,0,-0.034302188,-0.0398,0.002040998,0.292257316,0.836
89,10,4W-FRI-100%,1,3,3,0,0,-0.034045144,-0.0394,-0.000534314,0.288263796,0.6545
88,10,4W-FRI-100%,1,3,2,0,0,-0.036178512,-0.0424,-0.012341334,0.287878905,0.66408
195,15,4W-FRI-100%,1,3,1,0,0,-0.038363374,-0.0456,-0.035784917,0.277661555,0.76062
196,15,4W-FRI-100%,1,3,2,0,0,-0.038436469,-0.0457,-0.036210737,0.277662009,0.76878
197,15,4W-FRI-100%,1,3,3,0,0,-0.038965727,-0.0465,-0.03816302,0.278668033,0.773
87,10,4W-FRI-100%,1,3,1,0,0,-0.042061806,-0.0512,-0.047190159,0.286718731,0.65486
